region,prefecture,commune,canton,total_pop,FRI,max_fsi,min_rwi,urban_ratio,building_count,min_dist_basin,nb_ouvrages_documentes,ouvrages_pour_10000_hab,pression_actuelle,priority_score,segment,risque_eleve,canton_id
Maritime,Agoè-Nyivé,Agoè-Nyivé 1,Agoè-Nyivé,358223.442808,0.4930971372315273,89.9670639038086,0.903,0.8906254469116601,118.0,0.0,19.0,0.5303952150943841,17911.1721404,48.5,Maintenance et renforcement urgents,True,0
Maritime,Agoè-Nyivé,Agoè-Nyivé 2,Légbassito,154480.559802,0.34328626002598667,88.6531982421875,0.133,0.6756613442865086,10.0,0.0,3.0,0.1941991926909861,38620.1399505,46.4,Maintenance et renforcement urgents,True,1
Maritime,Agoè-Nyivé,Agoè-Nyivé 3,Vakpossito,63267.95692700001,0.24856343264341363,83.5533676147461,1.079,0.9999999999999999,9.0,0.0,5.0,0.7902894676635619,10544.659487833334,28.8,Maintenance et renforcement urgents,True,2
Maritime,Agoè-Nyivé,Agoè-Nyivé 4,Togblekope,179199.320921,0.41444260352557744,90.84390258789062,-0.089,0.5239749455515291,40.0,1068.2990918397552,6.0,0.3348226973831614,25599.902988714286,48.9,Maintenance et renforcement urgents,True,3
Maritime,Agoè-Nyivé,Agoè-Nyivé 5,Zanguera,218933.127634,0.3074591464425915,123.52090454101562,0.636,0.7079749559564665,3.0,0.0,0.0,0.0,218933.127634,63.2,Nouveaux ouvrages prioritaires,True,4
Maritime,Agoè-Nyivé,Agoè-Nyivé 6,Adétikopé,52840.089426,0.22269216254564025,88.56378936767578,-0.302,0.2505754300168768,2.0,0.0,5.0,0.9462512373303719,8806.681571,34.3,Renforcement (vulnerabilite aux inondations),True,5
Maritime,Avé,Avé 1,Kévé,11043.089868000001,0.21196638258530542,148.4794921875,-0.869,0.015674724130468318,61.0,0.0,0.0,0.0,11043.089868000001,42.0,Nouveaux ouvrages prioritaires,True,6
Maritime,Avé,Avé 1,Assahoun,9604.491806,0.1496374561497827,82.91524505615234,-0.874,0.047627816240090666,3.0,0.0,0.0,0.0,9604.491806,39.4,Surveillance,True,7
Maritime,Avé,Avé 1,Tovégan,10887.803902000001,0.07841933775491648,148.56466674804688,-0.786,0.0,0.0,0.0,0.0,0.0,10887.803902000001,36.3,Nouveaux ouvrages prioritaires,False,8
Maritime,Avé,Avé 1,Ando,9495.744831,0.07114157959649467,86.33932495117188,-0.948,0.0,0.0,0.0,0.0,0.0,9495.744831,36.7,Surveillance,False,9
Maritime,Avé,Avé 1,Zolo,5851.743352,0.06601605109244098,84.21187591552734,-0.755,0.0,0.0,0.0,0.0,0.0,5851.743352,35.0,Surveillance,False,10
Maritime,Avé,Avé 2,Noépé,10367.572826000001,0.0674225542291998,85.28182983398438,-0.218,0.0,0.0,0.0,0.0,0.0,10367.572826000001,32.5,Nouveaux ouvrages prioritaires,False,11
Maritime,Avé,Avé 2,Aképé,17313.858359,0.11179572053331653,87.44229125976562,-0.517,0.015655949331953013,0.0,1239.2974719259792,0.0,0.0,17313.858359,36.8,Nouveaux ouvrages prioritaires,True,12
Maritime,Avé,Avé 2,Badja,10048.043772,0.08493125608323682,148.886962890625,-0.728,0.0,1.0,0.0,0.0,0.0,10048.043772,36.1,Surveillance,False,13
Maritime,Bas-Mono,Bas-Mono 1,Kpétsou,13667.775344000001,0.08726239604091546,150.19085693359375,-0.548,0.0,1.0,677.1337165505864,1.0,0.7316479637916997,6833.887672000001,30.5,Renforcement (vulnerabilite aux inondations),False,14
Maritime,Bas-Mono,Bas-Mono 1,Afagnan-Gbléta,31249.042978,0.12358494460010137,87.85240173339844,-0.484,0.0179105641381166,0.0,2265.9432992558563,0.0,0.0,31249.042978,38.9,Nouveaux ouvrages prioritaires,True,15
Maritime,Bas-Mono,Bas-Mono 1,Afagnangan,17676.188806000002,0.2814943944922352,151.15994262695312,-0.696,0.08089813641213767,66.0,2190.1900290926224,1.0,0.5657328120757344,8838.094403000001,40.3,Renforcement (vulnerabilite aux inondations),True,16
Maritime,Bas-Mono,Bas-Mono 2,Attitogon,28876.104163000004,0.0812563022560387,90.95337677001953,-0.501,0.0,0.0,1195.69867670914,0.0,0.0,28876.104163000004,37.0,Nouveaux ouvrages prioritaires,False,17
Maritime,Bas-Mono,Bas-Mono 2,Hompou,7918.705695000001,0.06780014129014465,92.13871765136719,-0.456,0.0,0.0,1594.2082509723323,0.0,0.0,7918.705695000001,33.6,Surveillance,False,18
Maritime,Bas-Mono,Bas-Mono 2,Agome-Glozou,11154.366591,0.09777326439782358,157.2406463623047,-0.15,0.0,6.0,0.0,1.0,0.8965098930914274,5577.1832955,27.5,Renforcement (vulnerabilite aux inondations),False,19
Maritime,Bas-Mono,Bas-Mono 2,Agbétiko,3153.961779,0.06248303635062528,152.39743041992188,-0.688,0.0,0.0,212.73416774841758,0.0,0.0,3153.961779,34.1,Surveillance,False,20
Maritime,Golfe,Golfe 1,Bè-Est,294407.968876,0.6450010496350246,157.71360778808594,-0.202,0.5971096252854601,227.0,0.0,0.0,0.0,294407.968876,90.6,Nouveaux ouvrages prioritaires,True,21
Maritime,Golfe,Golfe 2,Bè-Centre,120144.196629,0.3007857132445131,91.39006042480469,1.138,0.9538603648428359,23.0,0.0,0.0,0.0,120144.196629,47.7,Nouveaux ouvrages prioritaires,True,22
Maritime,Golfe,Golfe 3,Bè-Ouest,129338.199144,0.4931244100886525,156.6208953857422,0.924,0.8476258263362735,207.0,0.0,0.0,0.0,129338.199144,57.6,Nouveaux ouvrages prioritaires,True,23
Maritime,Golfe,Golfe 4,Amoutivé,112333.122491,0.21474069954852434,156.25021362304688,1.338,0.9753889102240603,99.0,0.0,0.0,0.0,112333.122491,42.2,Nouveaux ouvrages prioritaires,True,24
Maritime,Golfe,Golfe 5,Aflao-Gakli,195975.557062,0.3558615399746841,89.45537567138672,1.141,1.0000000000000007,45.0,0.0,0.0,0.0,195975.557062,59.3,Nouveaux ouvrages prioritaires,True,25
Maritime,Golfe,Golfe 6,Baguida,226051.461143,0.6338997276903717,155.57249450683594,-0.253,0.7159778324969006,213.0,0.0,0.0,0.0,226051.461143,81.9,Nouveaux ouvrages prioritaires,True,26
Maritime,Golfe,Golfe 7,Aflao-Sagbado,429551.976791,0.5363070271574523,88.56378936767578,-0.155,0.8943122265236523,53.0,25.64185102004638,2.0,0.04656013958872099,143183.99226366667,73.6,Maintenance et renforcement urgents,True,27
Maritime,Lacs,Lacs 1,Aného,8319.615616000001,0.11174799324551958,157.71360778808594,0.147,0.0,36.0,8775.33456573701,0.0,0.0,8319.615616000001,31.9,Surveillance,True,28
Maritime,Lacs,Lacs 1,Glidji,21192.19384,0.08928454099326892,157.71360778808594,-0.21,0.0,1.0,4006.9093426352197,0.0,0.0,21192.19384,34.7,Nouveaux ouvrages prioritaires,False,29
Maritime,Lacs,Lacs 1,Canton D’Aneho,7370.631735,0.05736777405111123,157.71360778808594,1.253,0.0,12.0,6760.795858320852,0.0,0.0,7370.631735,23.4,Surveillance,False,30
Maritime,Lacs,Lacs 2,Aklakou,16023.308526,0.12809816331714366,157.2406463623047,-0.662,0.0,21.0,0.0,1.0,0.6240908351588961,8011.654263,33.6,Renforcement (vulnerabilite aux inondations),True,31
Maritime,Lacs,Lacs 2,Agouégan,10249.348956,0.07577497007899954,152.5870361328125,-0.526,0.0,0.0,0.0,0.0,0.0,10249.348956,34.6,Nouveaux ouvrages prioritaires,False,32
Maritime,Lacs,Lacs 3,Agbodrafo,89404.008475,0.49207349082298196,157.71360778808594,-0.31,0.334141700735183,186.0,2965.1126959364015,1.0,0.11185180810764538,44702.0042375,54.4,Maintenance et renforcement urgents,True,33
Maritime,Lacs,Lacs 4,Anfoin,11592.037759,0.07335765389184802,152.21829223632812,0.147,0.0,0.0,1.5078963812256037,0.0,0.0,11592.037759,30.8,Nouveaux ouvrages prioritaires,False,34
Maritime,Lacs,Lacs 4,Fiata,21109.450521,0.08385405217716504,156.6208953857422,-0.343,0.0,0.0,0.0,1.0,0.4737214732354994,10554.7252605,31.3,Maintenance et renforcement urgents,False,35
Maritime,Lacs,Lacs 4,Ganavé,13326.048686,0.07883543587835735,156.94908142089844,-0.404,0.0,0.0,993.2984998122015,1.0,0.7504099854074329,6663.024343,29.2,Surveillance,False,36
Maritime,Vo,Vo 1,Vogan,58675.742912,0.24144304608030634,157.71360778808594,-0.439,0.03898595998550513,13.0,0.0,3.0,0.5112845361837691,14668.935728,39.1,Maintenance et renforcement urgents,True,37
Maritime,Vo,Vo 1,Vo-Koutimé,17235.135028,0.07552516583013105,92.39837646484375,-0.456,0.0,0.0,0.0,3.0,1.74063040128565,4308.783757,23.4,Surveillance,False,38
Maritime,Vo,Vo 2,Togoville,22257.389248,0.12052462137294964,157.71360778808594,-0.322,0.0,14.0,6782.097264206559,2.0,0.8985779858164252,7419.129749333333,29.8,Renforcement (vulnerabilite aux inondations),True,39
Maritime,Vo,Vo 2,Anyron-Kopé,8283.121792,0.08423629410296238,157.71360778808594,-0.594,0.0,2.0,8108.2509232586735,0.0,0.0,8283.121792,35.1,Surveillance,False,40
Maritime,Vo,Vo 3,Dagbati,26317.452928000002,0.08746017833982817,148.51626586914062,-0.725,0.0,0.0,3260.834084084971,1.0,0.37997598123793624,13158.726464000001,34.6,Maintenance et renforcement urgents,False,41
Maritime,Vo,Vo 3,Dzrékpo,16098.905780000001,0.09080952168892195,87.95797729492188,-0.275,0.0,4.0,4286.618029583529,1.0,0.6211602289407273,8049.4528900000005,30.0,Renforcement (vulnerabilite aux inondations),False,42
Maritime,Vo,Vo 3,Mome-Hounkpati,6907.74592,0.06519763351546173,91.07096099853516,-0.296,0.0,0.0,1948.443558576601,0.0,0.0,6907.74592,32.4,Surveillance,False,43
Maritime,Vo,Vo 4,Sévagan,9634.455732,0.11167812802169642,157.71360778808594,-0.188,0.0,18.0,1836.0116994261252,0.0,0.0,9634.455732,34.0,Surveillance,True,44
Maritime,Vo,Vo 4,Hahotoé,13187.825217000001,0.18574693119704924,150.69110107421875,-0.475,0.09482260023996514,4.0,2163.1024846559962,0.0,0.0,13187.825217000001,39.0,Nouveaux ouvrages prioritaires,True,45
Maritime,Vo,Vo 4,Akoumapé,16659.454464000002,0.103887579319285,154.20314025878906,-0.471,0.0,5.0,3102.1711425665926,0.0,0.0,16659.454464000002,36.2,Nouveaux ouvrages prioritaires,False,46
Maritime,Yoto,Yoto 1,Tabligbo,39263.419327999996,0.254562141100179,92.42646789550781,-0.371,0.11319183169825972,21.0,0.0,0.0,0.0,39263.419327999996,44.3,Nouveaux ouvrages prioritaires,True,47
Maritime,Yoto,Yoto 1,Amoussimé,13435.210496,0.0724730344021067,91.0903091430664,-0.536,0.0,0.0,1311.8650605341984,0.0,0.0,13435.210496,34.9,Nouveaux ouvrages prioritaires,False,48
Maritime,Yoto,Yoto 1,Kouvé,17162.37982,0.21045706552803212,90.25726318359375,-0.904,0.0,1023.0,0.0,0.0,0.0,17162.37982,42.9,Nouveaux ouvrages prioritaires,True,49
Maritime,Yoto,Yoto 1,Kini-Kondji,6192.610048,0.07154822868472492,157.2406463623047,-0.554,0.0,0.0,0.0,0.0,0.0,6192.610048,34.1,Surveillance,False,50
Maritime,Yoto,Yoto 2,Tchékpo,16090.519551999998,0.07621360960744904,84.66444396972656,-1.01,0.0,0.0,0.0,0.0,0.0,16090.519551999998,38.1,Nouveaux ouvrages prioritaires,False,51
Maritime,Yoto,Yoto 2,Ahépé,12716.550399999998,0.0758939696989098,82.88844299316406,-0.453,0.0,1.0,4798.25748127858,0.0,0.0,12716.550399999998,34.5,Nouveaux ouvrages prioritaires,False,52
Maritime,Yoto,Yoto 2,Zafi,12272.711888999998,0.07292832297317084,88.32516479492188,-0.708,0.0,0.0,2064.254246924526,0.0,0.0,12272.711888999998,35.8,Nouveaux ouvrages prioritaires,False,53
Maritime,Yoto,Yoto 3,Gboto,13883.2064,0.07219509263261147,86.43934631347656,-0.691,0.0,0.0,2509.818690870166,0.0,0.0,13883.2064,35.8,Nouveaux ouvrages prioritaires,False,54
Maritime,Yoto,Yoto 3,Tométy-Kondji,5378.8307939999995,0.0697389567716938,151.92446899414062,-0.551,0.0,0.0,3160.718180688998,0.0,0.0,5378.8307939999995,33.9,Surveillance,False,55
Maritime,Yoto,Yoto 3,Sendome,7528.845348999999,0.0743426936326593,152.39743041992188,-0.622,0.0,0.0,0.0,0.0,0.0,7528.845348999999,34.7,Surveillance,False,56
Maritime,Yoto,Yoto 3,Essé-Godjin,11335.089533999999,0.11377699761486522,152.39743041992188,-0.803,0.0,12.0,0.0,0.0,0.0,11335.089533999999,37.8,Nouveaux ouvrages prioritaires,True,57
Maritime,Yoto,Yoto 3,Tokpli,14721.148223999999,0.1200441026813082,151.92446899414062,-0.453,0.0,18.0,0.0,0.0,0.0,14721.148223999999,36.5,Nouveaux ouvrages prioritaires,True,58
Maritime,Zio,Zio 1,Tsévié,37729.040916,0.3866936805521157,88.30238342285156,-0.505,0.1374738775546814,303.0,0.0,0.0,0.0,37729.040916,50.1,Nouveaux ouvrages prioritaires,True,59
Maritime,Zio,Zio 1,Davié,28583.883547,0.246001100998334,87.73065948486328,-0.514,0.09163388311817411,27.0,1609.8799870556606,0.0,0.0,28583.883547,43.5,Nouveaux ouvrages prioritaires,True,60
Maritime,Zio,Zio 1,Gblainvié,6031.635099,0.07305879648365068,148.50376892089844,-0.826,0.0,0.0,0.0,0.0,0.0,6031.635099,35.7,Surveillance,False,61
Maritime,Zio,Zio 1,Abobo,32764.208586,0.2638163542295847,156.25021362304688,-0.715,0.08088970628112378,20.0,0.0,0.0,0.0,32764.208586,45.9,Nouveaux ouvrages prioritaires,True,62
Maritime,Zio,Zio 1,Djagblé,22871.121645,0.32354597291950304,148.20352172851562,0.013,0.6317846937862346,26.0,0.0,0.0,0.0,22871.121645,42.8,Nouveaux ouvrages prioritaires,True,63
Maritime,Zio,Zio 1,Kpomé,11851.60549,0.10138462524064328,151.63290405273438,-0.18,0.0,7.0,0.0,0.0,0.0,11851.60549,33.8,Nouveaux ouvrages prioritaires,False,64
Maritime,Zio,Zio 1,Dalavé,24395.010801,0.21194754158122667,125.81331634521484,-0.461,0.017210027079362516,38.0,0.0,2.0,0.8198397681865408,8131.670267,34.8,Renforcement (vulnerabilite aux inondations),True,65
Maritime,Zio,Zio 1,Gbatopé,17898.923668,0.09163910686267604,85.989501953125,-0.624,0.0,3.0,1590.9857960374368,6.0,3.3521568733917237,2556.9890954285715,15.2,Renforcement (vulnerabilite aux inondations),False,66
Maritime,Zio,Zio 2,Mission-Tové,25356.390537,0.2021322540371957,86.14602661132812,-0.24,0.02953742662358891,28.0,1636.4502923197483,0.0,0.0,25356.390537,39.8,Nouveaux ouvrages prioritaires,True,67
Maritime,Zio,Zio 2,Kovié,15884.060914,0.09147573623819305,84.73297119140625,-0.799,0.0,3.0,632.9158614662394,0.0,0.0,15884.060914,37.5,Nouveaux ouvrages prioritaires,False,68
Maritime,Zio,Zio 2,Wli,3653.754369,0.06086096239774752,86.14602661132812,-0.667,0.0,0.0,2411.367230249152,0.0,0.0,3653.754369,34.0,Surveillance,False,69
Maritime,Zio,Zio 2,Bolou,6082.772319,0.06563511892263303,84.66444396972656,-0.604,0.0,0.0,0.0,0.0,0.0,6082.772319,34.1,Surveillance,False,70
Maritime,Zio,Zio 3,Gamé,11963.094427,0.08039335087654949,149.26828002929688,-0.796,0.0,0.0,0.0,0.0,0.0,11963.094427,36.5,Nouveaux ouvrages prioritaires,False,71
Maritime,Zio,Zio 3,Agbélouvé,26251.331589,0.09030672290164726,147.3974151611328,-0.908,0.0,0.0,0.0,0.0,0.0,26251.331589,39.3,Nouveaux ouvrages prioritaires,False,72
Maritime,Zio,Zio 4,Gapé-Centre,19731.043952,0.08629110491159186,148.86080932617188,-0.849,0.0,0.0,0.0,0.0,0.0,19731.043952,38.0,Nouveaux ouvrages prioritaires,False,73
Maritime,Zio,Zio 4,Gapé-Kpodji,1963.6692480000002,0.05629757836269759,87.29509735107422,-0.777,0.0,0.0,0.0,0.0,0.0,1963.6692480000002,34.2,Surveillance,False,74
Plateaux,Agou,Agou 1,Kati,2832.997526,0.05997199367410224,83.6141128540039,-0.691,0.0,0.0,0.0,0.0,0.0,2832.997526,34.0,Surveillance,False,75
Plateaux,Agou,Agou 1,Agou-Nyogbo-Agbétiko,3358.041634,0.06142126445953065,83.52679443359375,-0.853,0.0,0.0,0.0,0.0,0.0,3358.041634,35.0,Surveillance,False,76
Plateaux,Agou,Agou 1,Agou-Akplolo,1579.783923,0.054428643127175366,84.29131317138672,-0.555,0.0,0.0,1161.0522332385156,0.0,0.0,1579.783923,32.8,Surveillance,False,77
Plateaux,Agou,Agou 1,Agou-Iboé,1853.286566,0.055402050366673075,83.52679443359375,-0.711,0.0,0.0,0.0,0.0,0.0,1853.286566,33.8,Surveillance,False,78
Plateaux,Agou,Agou 1,Agou-Nyogbo-Dzidjole,1579.783923,0.011245905507000525,12.828466415405273,0.0,0.0,1.0,650.6061894681538,0.0,0.0,1579.783923,28.0,Surveillance,False,79
Plateaux,Agou,Agou 1,Agou-Kébo,2988.118428,0.040772794747063364,16.59954071044922,-0.539,0.0,1.0,1317.513440815776,0.0,0.0,2988.118428,32.4,Surveillance,False,80
Plateaux,Agou,Agou 1,Agou-Tavié,9870.587922,0.05100315145310413,15.446853637695312,0.612,0.0,9.0,794.43889789719,0.0,0.0,9870.587922,27.1,Surveillance,False,81
Plateaux,Agou,Agou 1,Agou-Atigbé,2204.34966,0.05478072109938878,81.84199523925781,-0.644,0.0,0.0,0.0,0.0,0.0,2204.34966,33.4,Surveillance,False,82
Plateaux,Agou,Agou 1,Gadja,16785.714448,0.08284577873863197,147.1544952392578,-0.749,0.0,0.0,0.0,0.0,0.0,16785.714448,37.0,Nouveaux ouvrages prioritaires,False,83
Plateaux,Agou,Agou 1,Assahoun-Fiagbé,2547.248496,0.05724090246033366,81.4942398071289,-0.542,0.0,0.0,0.0,0.0,0.0,2547.248496,33.0,Surveillance,False,84
Plateaux,Agou,Agou 1,Klonou,1836.402711,0.051906716585161244,79.8974380493164,-0.432,0.0,0.0,1213.7775316549826,0.0,0.0,1836.402711,32.1,Surveillance,False,85
Plateaux,Agou,Agou 2,Amoussou-Kopé,10312.239164,0.0779274290389427,146.8583526611328,-0.881,0.0,0.0,0.0,0.0,0.0,10312.239164,36.7,Nouveaux ouvrages prioritaires,False,86
Plateaux,Agou,Agou 2,Agotimé-Sud (Adzakpa),5662.664228000001,0.07391498383309988,147.19216918945312,-1.293,0.0,0.0,0.0,0.0,0.0,5662.664228000001,38.3,Surveillance,False,87
Plateaux,Agou,Agou 2,Agotimé-Nord,10548.221336,0.10340361168716485,149.79385375976562,-0.86,0.0,6.0,0.0,0.0,0.0,10548.221336,37.6,Nouveaux ouvrages prioritaires,False,88
Plateaux,Akébou,Akébou 1,Djon,12660.18081,0.06969070936232007,79.73091888427734,-0.681,0.0,0.0,0.0,0.0,0.0,12660.18081,35.5,Nouveaux ouvrages prioritaires,False,89
Plateaux,Akébou,Akébou 1,Veh,4900.281088000001,0.03768692915877355,15.623586654663086,-0.809,0.0,0.0,4856.341102929559,0.0,0.0,4900.281088000001,34.0,Surveillance,False,90
Plateaux,Akébou,Akébou 1,Kougnohou,12149.201621,0.06853627782447992,77.78756713867188,-0.511,0.0,0.0,1513.55170735529,0.0,0.0,12149.201621,34.5,Nouveaux ouvrages prioritaires,False,91
Plateaux,Akébou,Akébou 1,Gbendè,3114.00544,0.056407310860452226,78.57782745361328,-0.791,0.0,0.0,2453.342715157213,0.0,0.0,3114.00544,34.4,Surveillance,False,92
Plateaux,Akébou,Akébou 1,Yalla,3312.480512,0.036004083784392085,16.229267120361328,-0.535,0.0,0.0,11058.744082069272,0.0,0.0,3312.480512,32.2,Surveillance,False,93
Plateaux,Akébou,Akébou 2,Sérégbénè,8324.644187,0.06460255721295725,79.54129791259766,-0.639,0.0,0.0,5657.334197597143,0.0,0.0,8324.644187,34.6,Surveillance,False,94
Plateaux,Akébou,Akébou 2,Kpalavé,7665.24416,0.06579630054890105,81.87489318847656,-0.765,0.0,0.0,7005.197680090799,0.0,0.0,7665.24416,35.2,Surveillance,False,95
Plateaux,Akébou,Akébou 2,Kamina-Akébou,11450.65701,0.11623489232452827,85.93804168701172,-0.776,0.0,45.0,15403.199974788344,0.0,0.0,11450.65701,37.8,Nouveaux ouvrages prioritaires,True,96
Plateaux,Haho,Haho 2,Djemegni,36576.906716,0.0868976153671787,91.07096099853516,-0.813,0.0,0.0,0.0,0.0,0.0,36576.906716,40.0,Nouveaux ouvrages prioritaires,False,97
Plateaux,Amou,Amou 1,Adiva,2336.723379,0.057180066478038326,81.43409729003906,-0.708,0.0,0.0,0.0,0.0,0.0,2336.723379,33.9,Surveillance,False,98
Plateaux,Amou,Amou 1,Imlè-Adiva,10041.092236999999,0.071100957849045,85.93804168701172,-0.714,0.0,0.0,0.0,0.0,0.0,10041.092236999999,35.5,Surveillance,False,99
Plateaux,Amou,Amou 1,Amlamé (Ouma),18899.756923999998,0.0750864489808197,80.60755920410156,-0.468,0.0,0.0,1304.226270291404,0.0,0.0,18899.756923999998,35.3,Nouveaux ouvrages prioritaires,False,100
Plateaux,Amou,Amou 2,Kpatégan,17720.923296,0.07935730883240856,90.81365966796875,-1.047,0.0,0.0,0.0,0.0,0.0,17720.923296,38.6,Nouveaux ouvrages prioritaires,False,101
Plateaux,Amou,Amou 2,Ekpégnon,7245.19035,0.0662528021990418,81.92353820800781,-0.514,0.0,0.0,0.0,0.0,0.0,7245.19035,33.8,Surveillance,False,102
Plateaux,Amou,Amou 2,Amou-Oblo,22608.108086,0.10248944072162426,81.7748031616211,-0.582,0.0,6.0,723.1905918493783,0.0,0.0,22608.108086,37.5,Nouveaux ouvrages prioritaires,False,103
Plateaux,Amou,Amou 2,Sodo,8532.693758,0.06749722734582961,79.6336898803711,-0.579,0.0,0.0,2560.3146247840705,0.0,0.0,8532.693758,34.4,Surveillance,False,104
Plateaux,Amou,Amou 3,Gamé,5518.620946,0.0652040915963295,88.84271240234375,-0.726,0.0,0.0,2407.9361905773853,0.0,0.0,5518.620946,34.7,Surveillance,False,105
Plateaux,Amou,Amou 3,Otadi,7676.978117,0.06586623537742643,81.80941009521484,-0.693,0.0,0.0,4750.830954943804,0.0,0.0,7676.978117,34.8,Surveillance,False,106
Plateaux,Amou,Amou 3,Hihéatro,9315.264642,0.1005908500522796,81.36557006835938,-0.647,0.0,15.0,4738.160564919164,0.0,0.0,9315.264642,36.1,Surveillance,False,107
Plateaux,Amou,Amou 3,Okpahoé,2465.47937,0.05502426567655527,78.32300567626953,-0.602,0.0,0.0,6718.097973936284,0.0,0.0,2465.47937,33.2,Surveillance,False,108
Plateaux,Amou,Amou 3,Evou,5187.638784,0.06539766718910811,82.4784164428711,-0.879,0.0,0.0,1.992975750498269,0.0,0.0,5187.638784,35.6,Surveillance,False,109
Plateaux,Amou,Amou 3,Témédja,3194.991074,0.06055740809725265,88.26507568359375,-0.687,0.0,0.0,2545.1631739496765,0.0,0.0,3194.991074,34.0,Surveillance,False,110
Plateaux,Amou,Amou 3,Avédjè,4411.445912,0.07800545742663173,88.53561401367188,-0.742,0.0,3.0,0.0,0.0,0.0,4411.445912,35.2,Surveillance,False,111
Plateaux,Anié,Anié 1,Pallakoko,17826.338416000002,0.07708761222005658,88.42942810058594,-0.983,0.0,0.0,5229.190706734451,0.0,0.0,17826.338416000002,38.2,Nouveaux ouvrages prioritaires,False,112
Plateaux,Anié,Anié 1,Anié,95578.611722,0.28209952572314817,157.71360778808594,-0.816,0.03310520423114782,23.0,0.0,0.0,0.0,95578.611722,55.0,Nouveaux ouvrages prioritaires,True,113
Plateaux,Anié,Anié 1,Kolo-Kopé,19721.753754,0.19808492287127416,153.67974853515625,-0.848,0.0,407.0,6743.626645900728,0.0,0.0,19721.753754,42.4,Nouveaux ouvrages prioritaires,True,114
Plateaux,Anié,Anié 2,Adogbénou,26944.192379,0.08284278993699379,85.06275177001953,-0.942,0.0,0.0,0.0,0.0,0.0,26944.192379,39.3,Nouveaux ouvrages prioritaires,False,115
Plateaux,Anié,Anié 2,Atchinédji,10756.005673,0.0789154783154618,157.71360778808594,-0.85,0.0,0.0,3932.4426597734796,0.0,0.0,10756.005673,36.6,Nouveaux ouvrages prioritaires,False,116
Plateaux,Anié,Anié 2,Glitto,34872.058971,0.10443136004486281,157.71360778808594,-0.918,0.0,1.0,0.0,0.0,0.0,34872.058971,41.0,Nouveaux ouvrages prioritaires,False,117
Plateaux,Danyi,Danyi 1,Danyi-Atigba,15155.070330999999,0.09588909270305729,79.43477630615234,-0.51,0.0,6.0,0.0,0.0,0.0,15155.070330999999,35.9,Nouveaux ouvrages prioritaires,False,118
Plateaux,Danyi,Danyi 1,Yikpa,1162.074347,0.03227230064970756,15.150625228881836,-0.452,0.0,0.0,8803.131272927289,0.0,0.0,1162.074347,31.3,Surveillance,False,119
Plateaux,Danyi,Danyi 1,Danyi-Kakpa,3274.931508,0.05775581079052935,76.24308776855469,-0.77,0.0,0.0,5077.229682257863,0.0,0.0,3274.931508,34.4,Surveillance,False,120
Plateaux,Danyi,Danyi 2,Danyi-Kpeto-Evita,6526.8629679999995,0.0805758296814765,78.64682006835938,-0.583,0.0,4.0,2488.615729511059,0.0,0.0,6526.8629679999995,34.6,Surveillance,False,121
Plateaux,Danyi,Danyi 2,Danyi-Elavagnon,7346.001979,0.064393674174641,78.02587127685547,-0.756,0.0,0.0,5109.136921324768,0.0,0.0,7346.001979,35.1,Surveillance,False,122
Plateaux,Danyi,Danyi 2,Ahlon,3053.399112,0.05673293247021302,76.40667724609375,-0.435,0.0,0.0,896.2678074995156,0.0,0.0,3053.399112,32.4,Surveillance,False,123
Plateaux,Est-Mono,Est-Mono 1,Elavagnon,53404.074907,0.19783470099529202,90.40618896484375,-0.858,0.0,222.0,0.0,0.0,0.0,53404.074907,46.7,Nouveaux ouvrages prioritaires,True,124
Plateaux,Est-Mono,Est-Mono 1,Gbadjahè,13929.303658,0.15194283225162797,151.26197814941406,-0.794,0.0,76.0,0.0,0.0,0.0,13929.303658,39.6,Nouveaux ouvrages prioritaires,True,125
Plateaux,Est-Mono,Est-Mono 2,Morétan,59393.318924,0.10187135187658801,144.5506591796875,-1.052,0.0,0.0,0.0,0.0,0.0,59393.318924,44.8,Nouveaux ouvrages prioritaires,False,126
Plateaux,Est-Mono,Est-Mono 2,Badin-Copé,22368.261708,0.08755453820966552,144.07395935058594,-0.884,0.0,0.0,0.0,0.0,0.0,22368.261708,38.6,Nouveaux ouvrages prioritaires,False,127
Plateaux,Est-Mono,Est-Mono 2,Kamina,15178.453688,0.0829451215948839,147.4861602783203,-0.892,0.0,0.0,0.0,0.0,0.0,15178.453688,37.6,Nouveaux ouvrages prioritaires,False,128
Plateaux,Est-Mono,Est-Mono 3,Kpéssi,10165.333509,0.07726181760370705,148.54681396484375,-0.725,0.0,0.0,2387.085272683049,0.0,0.0,10165.333509,35.8,Nouveaux ouvrages prioritaires,False,129
Plateaux,Est-Mono,Est-Mono 3,Nyamassila,16481.692365,0.10995096847868442,86.7798080444336,-0.809,0.0,11.0,0.0,0.0,0.0,16481.692365,38.3,Nouveaux ouvrages prioritaires,False,130
Plateaux,Haho,Haho 1,Notsé,73732.515104,0.23284450607982204,151.68605041503906,-0.906,0.025998130592382544,9.0,0.0,0.0,0.0,73732.515104,50.9,Nouveaux ouvrages prioritaires,True,131
Plateaux,Haho,Haho 1,Dalia,28191.079546,0.11826723531506896,88.67254638671875,-0.937,0.0,10.0,0.0,0.0,0.0,28191.079546,40.8,Nouveaux ouvrages prioritaires,True,132
Plateaux,Haho,Haho 1,Atchavé,20226.214218,0.10222796319755842,86.99099731445312,-0.788,0.0,5.0,0.0,0.0,0.0,20226.214218,38.4,Nouveaux ouvrages prioritaires,False,133
Plateaux,Haho,Haho 2,Asrama,48745.852066,0.11979247712558645,157.2406463623047,-0.787,0.0,3.0,0.0,0.0,0.0,48745.852066,42.6,Nouveaux ouvrages prioritaires,True,134
Plateaux,Haho,Haho 3,Kpédomé,50776.016466,0.16578503575452574,157.71360778808594,-0.927,0.002847329510610541,8.0,0.0,0.0,0.0,50776.016466,45.5,Nouveaux ouvrages prioritaires,True,135
Plateaux,Haho,Haho 4,Kpegnon (Haito),15232.345585000001,0.10063913258595102,86.7798080444336,-0.917,0.0,6.0,1175.7208209910116,0.0,0.0,15232.345585000001,38.4,Nouveaux ouvrages prioritaires,False,136
Plateaux,Haho,Haho 4,Wahala,45121.113775,0.16539548574364726,151.26197814941406,-1.078,0.0,37.0,0.0,1.0,0.22162573490241821,22560.5568875,42.0,Maintenance et renforcement urgents,True,137
Plateaux,Kloto,Kloto 1,Tové,11399.252305,0.0722415599150464,79.56925201416016,-0.594,0.00021698221133975947,0.0,0.0,0.0,0.0,11399.252305,35.0,Nouveaux ouvrages prioritaires,False,138
Plateaux,Kloto,Kloto 1,Agome-Kpalime,91933.23852,0.40891379968337294,78.69180297851562,0.596,0.45546686832193806,209.0,4193.477168379304,0.0,0.0,91933.23852,51.5,Nouveaux ouvrages prioritaires,True,139
Plateaux,Kloto,Kloto 1,Yokélé,7784.196287000001,0.08893409239931502,80.94175720214844,-0.725,0.005609830291613173,0.0,0.0,0.0,0.0,7784.196287000001,35.9,Surveillance,False,140
Plateaux,Kloto,Kloto 1,Tomé,5752.222206,0.06306041985488599,82.76820373535156,-0.634,0.0,0.0,0.0,0.0,0.0,5752.222206,34.1,Surveillance,False,141
Plateaux,Kloto,Kloto 1,Kpadapé,7637.625256,0.08525355390728438,78.15660858154297,-0.733,0.0,7.0,1297.9268898327239,0.0,0.0,7637.625256,35.8,Surveillance,False,142
Plateaux,Kloto,Kloto 1,Womé,5973.0141,0.06877815390239382,77.4021987915039,-1.264,0.0,1.0,1822.9363869805177,0.0,0.0,5973.0141,38.0,Surveillance,False,143
Plateaux,Kloto,Kloto 1,Gbalabé,3104.84124,0.05304216464416353,81.84275817871094,-0.258,0.0,0.0,0.0,0.0,0.0,3104.84124,31.3,Surveillance,False,144
Plateaux,Kloto,Kloto 1,Hanyigba,5002.51248,0.059160119778155607,76.918212890625,-0.388,0.0,0.0,1201.9426048622036,0.0,0.0,5002.51248,32.5,Surveillance,False,145
Plateaux,Kloto,Kloto 2,Lavié,3665.581395,0.07602376261882716,80.40229797363281,-0.592,0.0,5.0,388.0746806758424,0.0,0.0,3665.581395,34.1,Surveillance,False,146
Plateaux,Kloto,Kloto 2,Lavié-Apédomé,3056.5544400000003,0.07863893335792614,85.66124725341797,-0.63,0.0,6.0,0.0,0.0,0.0,3056.5544400000003,34.4,Surveillance,False,147
Plateaux,Kloto,Kloto 2,Kpimé,5920.15125,0.15443376006049347,145.8684539794922,-0.424,0.0,278.0,0.0,0.0,0.0,5920.15125,36.5,Surveillance,True,148
Plateaux,Kloto,Kloto 3,Agomé-Yoh,2786.14836,0.05267107211718522,80.73048400878906,0.039,0.0,0.0,4246.3118435415245,0.0,0.0,2786.14836,29.5,Surveillance,False,149
Plateaux,Kloto,Kloto 3,Agomé-Tomégbé,3496.05796,0.03473949562339454,14.953729629516602,-0.36,0.0,0.0,5185.919711396783,0.0,0.0,3496.05796,31.2,Surveillance,False,150
Plateaux,Kloto,Kloto 3,Kouma,10053.68632,0.05534924693511861,14.00812816619873,-0.735,0.0,7.0,1857.2754881998549,0.0,0.0,10053.68632,35.0,Surveillance,False,151
Plateaux,Kpélé,Kpélé 1,Kpélé-Govié,11038.306625000001,0.09175204053118426,147.7823028564453,-0.683,0.0,2.0,0.0,0.0,0.0,11038.306625000001,36.2,Nouveaux ouvrages prioritaires,False,152
Plateaux,Kpélé,Kpélé 1,Kpélé-Novivé,29004.495967000003,0.08278278149582753,84.57323455810547,-0.925,0.0,0.0,1908.114888998201,0.0,0.0,29004.495967000003,39.5,Nouveaux ouvrages prioritaires,False,153
Plateaux,Kpélé,Kpélé 1,Kpélé-Akata,5662.813675,0.06612293577006127,84.06465148925781,-0.843,0.0,0.0,0.0,0.0,0.0,5662.813675,35.4,Surveillance,False,154
Plateaux,Kpélé,Kpélé 1,Kpélé-Dawlotou,13154.682756,0.07519199473233705,90.25726318359375,-0.786,0.0,0.0,0.0,0.0,0.0,13154.682756,36.4,Nouveaux ouvrages prioritaires,False,155
Plateaux,Kpélé,Kpélé 2,Kpélé-Nord,10294.197499000002,0.07595440408948807,144.45828247070312,-0.616,0.0,0.0,3105.7040453080936,0.0,0.0,10294.197499000002,35.1,Nouveaux ouvrages prioritaires,False,156
Plateaux,Kpélé,Kpélé 2,Kpélé-Dutoé,4487.601402,0.05988902645856569,79.2884292602539,-0.261,0.0,0.0,3475.402820736392,0.0,0.0,4487.601402,31.7,Surveillance,False,157
Plateaux,Kpélé,Kpélé 2,Kpélé-Kamé,9449.659212,0.06831826261759355,80.58971405029297,-0.495,0.0,0.0,0.0,0.0,0.0,9449.659212,34.0,Surveillance,False,158
Plateaux,Kpélé,Kpélé 2,Kpélé-Gbalédzé,3793.3026000000004,0.059288270620064414,78.73518371582031,-0.485,0.0,0.0,0.0,0.0,0.0,3793.3026000000004,32.9,Surveillance,False,159
Plateaux,Kpélé,Kpélé 2,Kpélé-Centre,8063.4284640000005,0.09232180800523015,81.90419006347656,-0.618,0.0,8.0,1366.7611936335911,0.0,0.0,8063.4284640000005,35.5,Surveillance,False,160
Plateaux,Moyen-Mono,Moyen-Mono 1,Tohoun,18406.362560999998,0.08387689201578151,155.29583740234375,-0.797,0.0,0.0,3740.0338297069147,0.0,0.0,18406.362560999998,37.5,Nouveaux ouvrages prioritaires,False,161
Plateaux,Moyen-Mono,Moyen-Mono 1,Tado,20067.795062,0.17796966080944704,155.29583740234375,-0.867,0.0,191.0,5721.646554957169,0.0,0.0,20067.795062,41.8,Nouveaux ouvrages prioritaires,True,162
Plateaux,Moyen-Mono,Moyen-Mono 1,Ahassomè,6345.096891,0.07321418325708715,157.71360778808594,-0.833,0.0,0.0,2988.79194824201,0.0,0.0,6345.096891,35.7,Surveillance,False,163
Plateaux,Moyen-Mono,Moyen-Mono 2,Katomé,8271.114554,0.06781979220354468,86.01528930664062,-0.796,0.0,0.0,3445.175695956192,0.0,0.0,8271.114554,35.6,Surveillance,False,164
Plateaux,Moyen-Mono,Moyen-Mono 2,Kpékplémé,20879.864094,0.15692578948236222,87.84256744384766,-0.889,0.0,120.0,0.0,0.0,0.0,20879.864094,41.2,Nouveaux ouvrages prioritaires,True,165
Plateaux,Moyen-Mono,Moyen-Mono 2,Saligbé,14594.665427,0.13149348545442852,150.16928100585938,-0.823,0.0,27.0,0.0,0.0,0.0,14594.665427,39.0,Nouveaux ouvrages prioritaires,True,166
Plateaux,Ogou,Ogou 1,Houdou,14667.223809000001,0.08202949017975282,153.67974853515625,-0.698,0.0,0.0,408.82746596262217,0.0,0.0,14667.223809000001,36.4,Nouveaux ouvrages prioritaires,False,167
Plateaux,Ogou,Ogou 1,Djama,26605.779159,0.26131286180877966,157.71360778808594,-0.867,0.04553580197599492,35.0,926.8582669171865,0.0,0.0,26605.779159,45.9,Nouveaux ouvrages prioritaires,True,168
Plateaux,Ogou,Ogou 1,Gnagna,13259.111084,0.27473117633471084,84.89617919921875,-0.581,0.12307195783878015,91.0,2763.7447276866274,0.0,0.0,13259.111084,43.1,Nouveaux ouvrages prioritaires,True,169
Plateaux,Ogou,Ogou 2,Katoré,11758.93238,0.07887926034933226,153.67974853515625,-0.721,0.0,0.0,4091.0006605601557,0.0,0.0,11758.93238,36.0,Nouveaux ouvrages prioritaires,False,170
Plateaux,Ogou,Ogou 2,Datcha,20923.8497,0.12098417461009442,87.20386505126953,-0.634,0.0,21.0,2136.2885013570008,0.0,0.0,20923.8497,38.3,Nouveaux ouvrages prioritaires,True,171
Plateaux,Ogou,Ogou 2,Akparé,15744.85796,0.08575018906137223,157.71360778808594,-1.083,0.0,0.0,0.0,0.0,0.0,15744.85796,38.8,Nouveaux ouvrages prioritaires,False,172
Plateaux,Ogou,Ogou 3,Gléi,59482.574408,0.16312420487887588,157.71360778808594,-0.738,0.008648134544742758,2.0,0.0,0.0,0.0,59482.574408,45.4,Nouveaux ouvrages prioritaires,True,173
Plateaux,Ogou,Ogou 4,Ountivou,42841.9212,0.1547083657313008,157.71360778808594,-1.026,0.0,28.0,4776.936657017881,0.0,0.0,42841.9212,44.6,Nouveaux ouvrages prioritaires,True,174
Plateaux,Wawa,Wawa 1,Kpété-Béna,10441.35954,0.061103141313842084,78.30459594726562,-0.691,0.0,0.0,18940.39391547202,0.0,0.0,10441.35954,35.0,Nouveaux ouvrages prioritaires,False,175
Plateaux,Wawa,Wawa 1,Tomégbé,8189.3016,0.0585828417415417,78.19351959228516,-0.778,0.0,0.0,22119.457701628122,0.0,0.0,8189.3016,35.1,Surveillance,False,176
Plateaux,Wawa,Wawa 1,Badou,20037.284469,0.06463434243931232,77.56816864013672,-0.585,0.0,0.0,22119.457701628122,0.0,0.0,20037.284469,35.7,Nouveaux ouvrages prioritaires,False,177
Plateaux,Wawa,Wawa 1,Késsibo,8563.780886999999,0.060702574865437224,76.99199676513672,-0.605,0.0,0.0,15508.228461878152,0.0,0.0,8563.780886999999,34.2,Surveillance,False,178
Plateaux,Wawa,Wawa 2,Gbadi-N'kougna,6187.278221,0.0882078698737663,78.36701965332031,-0.725,0.0,16.0,16017.080681660298,0.0,0.0,6187.278221,35.7,Surveillance,False,179
Plateaux,Wawa,Wawa 2,Ekéto,8167.827566999999,0.06563080804228517,78.36701965332031,-0.791,0.0,0.0,7122.074030161304,0.0,0.0,8167.827566999999,35.4,Surveillance,False,180
Plateaux,Wawa,Wawa 2,Gobé,1916.5240549999999,0.028208434281204668,13.392861366271973,-0.486,0.0,0.0,11279.731008929848,0.0,0.0,1916.5240549999999,31.5,Surveillance,False,181
Plateaux,Wawa,Wawa 3,Klabé-Efoukpa,15487.485298,0.07090210844747785,80.98175811767578,-0.719,0.0,0.0,9320.176136225755,0.0,0.0,15487.485298,36.2,Nouveaux ouvrages prioritaires,False,182
Plateaux,Wawa,Wawa 3,Ounabé,5400.944773,0.03684453908839603,14.05369758605957,-0.453,0.0,0.0,551.7593454650935,0.0,0.0,5400.944773,32.0,Surveillance,False,183
Plateaux,Wawa,Wawa 3,Okou,9166.142149,0.06621749291871075,78.51517486572266,-0.727,0.0,0.0,1795.035777510583,0.0,0.0,9166.142149,35.2,Surveillance,False,184
Plateaux,Wawa,Wawa 3,Doumé,5260.488875,0.03876467229126046,15.59783935546875,-0.817,0.0,0.0,12432.73261772448,0.0,0.0,5260.488875,34.2,Surveillance,False,185
Centrale,Blitta,Blitta 1,Pagala-Gare,15610.030044,0.1135147288064978,83.76850891113281,-0.87,0.0,20.0,6581.548940351431,0.0,0.0,15610.030044,38.7,Nouveaux ouvrages prioritaires,True,186
Centrale,Blitta,Blitta 1,Waragni,2978.43039,0.05840919640281945,80.62175750732422,-0.752,0.0,0.0,4086.771561119298,0.0,0.0,2978.43039,34.3,Surveillance,False,187
Centrale,Blitta,Blitta 1,Blitta-Village,77399.003289,0.1584684329099258,78.76758575439453,-0.805,0.0,43.0,0.0,0.0,0.0,77399.003289,47.8,Nouveaux ouvrages prioritaires,True,188
Centrale,Blitta,Blitta 1,Blitta,98865.623566,0.1290804491974279,81.56193542480469,-0.835,0.0,6.0,0.0,0.0,0.0,98865.623566,49.5,Nouveaux ouvrages prioritaires,True,189
Centrale,Blitta,Blitta 1,Yaloumbè,4472.736919,0.06290853358191624,80.72606658935547,-0.74,0.0,0.0,0.0,0.0,0.0,4472.736919,34.6,Surveillance,False,190
Centrale,Blitta,Blitta 1,Tchaloudè,6142.581077,0.06597784042565713,83.76850891113281,-0.688,0.0,0.0,251.19885453537125,0.0,0.0,6142.581077,34.6,Surveillance,False,191
Centrale,Blitta,Blitta 1,Doufouli,1751.418896,0.0570844945671546,82.37017822265625,-1.067,0.0,0.0,1785.4886514378643,0.0,0.0,1751.418896,35.9,Surveillance,False,192
Centrale,Blitta,Blitta 2,Tcharè-Baou,7946.990846,0.07410134337461052,82.1636734008789,-0.657,0.0,1.0,3872.605819646639,0.0,0.0,7946.990846,35.0,Surveillance,False,193
Centrale,Blitta,Blitta 2,Koffiti,5804.60404,0.06695247894081967,82.60317993164062,-0.999,0.0,0.0,0.0,0.0,0.0,5804.60404,36.4,Surveillance,False,194
Centrale,Blitta,Blitta 2,Langabou,10845.751708,0.07916304340372357,148.54681396484375,-0.812,0.0,0.0,0.0,0.0,0.0,10845.751708,36.4,Nouveaux ouvrages prioritaires,False,195
Centrale,Blitta,Blitta 2,Agbandi,5933.513762,0.07283061829575006,148.25067138671875,-1.05,0.0,0.0,2764.567361538867,0.0,0.0,5933.513762,36.9,Surveillance,False,196
Centrale,Blitta,Blitta 3,Tintchro,1570.676539,0.046382334713588796,79.89714050292969,-0.835,0.0,0.0,25306.61766681494,0.0,0.0,1570.676539,34.1,Surveillance,False,197
Centrale,Blitta,Blitta 3,Welly,7245.12017,0.06411055245716368,87.037841796875,-0.842,0.0,0.0,14765.65079547049,0.0,0.0,7245.12017,35.6,Surveillance,False,198
Centrale,Blitta,Blitta 3,Pagala-Village,2125.631945,0.0980103208061624,83.82452392578125,-0.784,0.0,55.0,8152.464789264875,0.0,0.0,2125.631945,35.9,Surveillance,False,199
Centrale,Blitta,Blitta 3,Tchifama,3008.9783939999998,0.07087468495829667,77.51309204101562,-0.638,0.0,6.0,15450.787638240061,0.0,0.0,3008.9783939999998,34.1,Surveillance,False,200
Centrale,Blitta,Blitta 3,Atchintsè,2949.175123,0.049947890601963155,79.65420532226562,-0.569,0.0,0.0,23609.474383228204,0.0,0.0,2949.175123,32.9,Surveillance,False,201
Centrale,Blitta,Blitta 3,Diguengué,837.524443,0.03164054603994405,75.97471618652344,-0.605,0.0,0.0,35590.74763582198,0.0,0.0,837.524443,32.1,Surveillance,False,202
Centrale,Blitta,Blitta 3,Yégué,1160.824152,0.02055455055033341,13.960480690002441,-0.503,0.0,0.0,33324.89378002372,0.0,0.0,1160.824152,31.2,Surveillance,False,203
Centrale,Blitta,Blitta 3,Dikpéléou,997.9014639999999,0.007431161390634229,12.254157066345215,-0.268,0.0,0.0,37738.32238970283,0.0,0.0,997.9014639999999,29.3,Surveillance,False,204
Centrale,Blitta,Blitta 3,Katchenkè,1407.753851,0.045814962592401094,78.24955749511719,-0.713,0.0,0.0,24458.255435990774,0.0,0.0,1407.753851,33.4,Surveillance,False,205
Centrale,Blitta,Blitta 3,M'Poti,3439.196117,0.05736196269129075,86.66368865966797,-0.638,0.0,0.0,11306.796471842717,0.0,0.0,3439.196117,33.7,Surveillance,False,206
Centrale,Mô,Mô 1,Kagnigbara,203.65336,0.04656372487592584,86.0761947631836,-0.587,0.0,0.0,2643.160294059601,0.0,0.0,203.65336,32.5,Surveillance,False,207
Centrale,Mô,Mô 1,Boulohou,1255.013831,0.05386633421207991,85.39888763427734,-0.503,0.0,0.0,0.0,0.0,0.0,1255.013831,32.5,Surveillance,False,208
Centrale,Mô,Mô 1,Djarkpanga,2639.868328,0.05840834788140213,84.98348999023438,-0.838,0.0,0.0,6144.357521808141,0.0,0.0,2639.868328,34.7,Surveillance,False,209
Centrale,Mô,Mô 2,Saïboudè,2357.287642,0.05785805239085235,86.00789642333984,-0.625,0.0,0.0,2364.0259307934557,0.0,0.0,2357.287642,33.5,Surveillance,False,210
Centrale,Mô,Mô 2,Tindjasse,2560.941002,0.06965545922765236,150.55836486816406,-0.811,0.0,1.0,7267.987879705518,0.0,0.0,2560.941002,35.0,Surveillance,False,211
Centrale,Sotouboua,Sotouboua 1,Tabindè,5424.6438259999995,0.07162944263928496,145.39089965820312,-0.8,0.0,0.0,0.0,0.0,0.0,5424.6438259999995,35.4,Surveillance,False,212
Centrale,Sotouboua,Sotouboua 1,Sotouboua,22142.211565999998,0.14316028197337458,82.73856353759766,-0.841,0.014563607892331434,3.0,0.0,0.0,0.0,22142.211565999998,40.5,Nouveaux ouvrages prioritaires,True,213
Centrale,Sotouboua,Sotouboua 1,Kaniamboua,1886.339247,0.11360974170018612,80.90870666503906,-0.885,0.0,132.0,2475.890675809308,0.0,0.0,1886.339247,37.1,Surveillance,True,214
Centrale,Sotouboua,Sotouboua 2,Séssaro,8780.183627999999,0.07075721974458465,84.22014617919922,-1.003,0.0,0.0,421.5423194638237,0.0,0.0,8780.183627999999,36.9,Surveillance,False,215
Centrale,Sotouboua,Sotouboua 2,Tittigbe,6432.900509,0.06620599959574323,83.57160949707031,-0.736,0.0,0.0,0.0,0.0,0.0,6432.900509,34.9,Surveillance,False,216
Centrale,Sotouboua,Sotouboua 2,Aouda,12398.803382,0.0943331062220863,83.57160949707031,-0.792,0.0,5.0,0.0,0.0,0.0,12398.803382,37.1,Nouveaux ouvrages prioritaires,False,217
Centrale,Sotouboua,Sotouboua 2,Adjengré,13716.053796,0.10410638670462617,145.39089965820312,-0.755,0.0,5.0,0.0,0.0,0.0,13716.053796,37.4,Nouveaux ouvrages prioritaires,False,218
Centrale,Sotouboua,Sotouboua 2,Fazao,17.222059,0.040887170841297185,83.57160949707031,0.0,0.0,0.0,4300.871250327857,0.0,0.0,17.222059,28.9,Surveillance,False,219
Centrale,Sotouboua,Sotouboua 3,Kazaboua,5480.986876,0.06495144791989767,83.57160949707031,-0.747,0.0,0.0,0.0,0.0,0.0,5480.986876,34.8,Surveillance,False,220
Centrale,Sotouboua,Sotouboua 3,Bodjondè,1802.332236,0.062298128950825,146.48165893554688,-0.84,0.0,0.0,0.0,0.0,0.0,1802.332236,34.8,Surveillance,False,221
Centrale,Sotouboua,Sotouboua 3,Tchébébé,11434.202398,0.08499440599357586,81.36503601074219,-0.968,0.0,2.0,0.0,0.0,0.0,11434.202398,37.6,Nouveaux ouvrages prioritaires,False,222
Centrale,Tchamba,Tchamba 1,Affem,12120.848194,0.07220036150479604,80.55724334716797,-0.797,0.0,0.0,0.0,0.0,0.0,12120.848194,36.2,Nouveaux ouvrages prioritaires,False,223
Centrale,Tchamba,Tchamba 1,Alibi I,8947.997002,0.09318396713219963,83.57160949707031,-0.743,0.0,7.0,1957.0706818149356,0.0,0.0,8947.997002,36.3,Surveillance,False,224
Centrale,Tchamba,Tchamba 1,Larini,19577.93677,0.242095591848631,83.46288299560547,-1.008,0.016358375502299963,158.0,1080.1005321175192,0.0,0.0,19577.93677,45.0,Nouveaux ouvrages prioritaires,True,225
Centrale,Tchamba,Tchamba 1,Kri-Kri,5475.045428,0.0647110052007914,81.57875061035156,-0.905,0.0,0.0,3548.565285208907,0.0,0.0,5475.045428,35.7,Surveillance,False,226
Centrale,Tchamba,Tchamba 1,Tchamba,51412.713723,0.2408882202204571,82.62983703613281,-0.935,0.019241521264434402,50.0,0.0,1.0,0.19450441876843388,25706.3568615,44.8,Maintenance et renforcement urgents,True,227
Centrale,Tchamba,Tchamba 2,Bago,27878.590835000003,0.08267221960789443,83.57160949707031,-0.904,0.0,0.0,576.4110051148173,0.0,0.0,27878.590835000003,39.2,Nouveaux ouvrages prioritaires,False,228
Centrale,Tchamba,Tchamba 2,Koussountou,24763.546913000002,0.08074694899684193,83.57160949707031,-0.796,0.0,0.0,166.6516631073301,0.0,0.0,24763.546913000002,38.1,Nouveaux ouvrages prioritaires,False,229
Centrale,Tchamba,Tchamba 3,Balanka,9922.117982,0.08776862347742136,81.30241394042969,-0.704,0.0,7.0,14761.280094578085,0.0,0.0,9922.117982,36.0,Surveillance,False,230
Centrale,Tchamba,Tchamba 3,Goubi,14792.722882,0.15608841649127356,82.4789047241211,-0.964,0.0,198.0,7626.904531378102,0.0,0.0,14792.722882,40.8,Nouveaux ouvrages prioritaires,True,231
Centrale,Tchamba,Tchamba 3,Kaboli,33900.633549,0.09316663475903039,83.57160949707031,-0.879,0.0,2.0,13252.117215333787,0.0,0.0,33900.633549,40.2,Nouveaux ouvrages prioritaires,False,232
Centrale,Tchaoudjo,Tchaoudjo 1,Tchalo,9271.720873,0.09151013025716914,83.46288299560547,-0.702,0.0,6.0,0.0,0.0,0.0,9271.720873,36.1,Surveillance,False,233
Centrale,Tchaoudjo,Tchaoudjo 1,Kadambara,16801.177174,0.10810654851910383,83.57160949707031,-0.873,0.0028089126214598257,2.0,964.9483542371574,0.0,0.0,16801.177174,38.7,Nouveaux ouvrages prioritaires,False,234
Centrale,Tchaoudjo,Tchaoudjo 1,Kparataou,13737.243618,0.15287458245586755,147.2892608642578,-0.778,0.0,85.0,0.0,0.0,0.0,13737.243618,39.5,Nouveaux ouvrages prioritaires,True,235
Centrale,Tchaoudjo,Tchaoudjo 1,Sokodè (Komah),85029.152294,0.37593565508887217,81.80297088623047,-0.794,0.19362323149044225,76.0,0.0,0.0,0.0,85029.152294,57.2,Nouveaux ouvrages prioritaires,True,236
Centrale,Tchaoudjo,Tchaoudjo 1,Kpangalam,41461.932723,0.2130495112023384,82.80709075927734,-0.719,0.05460157254048587,10.0,497.8296678327778,0.0,0.0,41461.932723,45.0,Nouveaux ouvrages prioritaires,True,237
Centrale,Tchaoudjo,Tchaoudjo 2,Lama-Tessi,22808.645453,0.08005245138870161,84.11141967773438,-0.826,0.0,0.0,0.0,0.0,0.0,22808.645453,38.0,Nouveaux ouvrages prioritaires,False,238
Centrale,Tchaoudjo,Tchaoudjo 3,Kéméni,2322.3205679999996,0.05807378370574844,81.35133361816406,-0.752,0.0,0.0,53.574133804317654,0.0,0.0,2322.3205679999996,34.2,Surveillance,False,239
Centrale,Tchaoudjo,Tchaoudjo 3,Aléhéridè,5580.463766,0.07138775706445039,148.14195251464844,-0.913,0.0,0.0,0.0,0.0,0.0,5580.463766,36.0,Surveillance,False,240
Centrale,Tchaoudjo,Tchaoudjo 3,Kolina,4013.203054,0.06786330819422812,81.43049621582031,-0.674,0.0,1.0,0.0,0.0,0.0,4013.203054,34.3,Surveillance,False,241
Centrale,Tchaoudjo,Tchaoudjo 3,Amaïde,3632.559673,0.0751198156929064,83.65978240966797,-0.828,0.0,3.0,1533.4220188926713,0.0,0.0,3632.559673,35.5,Surveillance,False,242
Centrale,Tchaoudjo,Tchaoudjo 4,Wassarabo,2406.042112,0.056260744523031765,78.91783142089844,-0.933,0.0,0.0,8718.484571354094,0.0,0.0,2406.042112,35.2,Surveillance,False,243
Centrale,Tchaoudjo,Tchaoudjo 4,Kpassaouade,3560.7969350000003,0.061040408253214044,81.1848373413086,-0.811,0.0,0.0,1814.6221317536736,0.0,0.0,3560.7969350000003,34.8,Surveillance,False,244
Centrale,Tchaoudjo,Tchaoudjo 4,Agouloudè,12362.118122,0.07242294282226434,81.57875061035156,-0.745,0.0,0.0,0.0,0.0,0.0,12362.118122,36.0,Nouveaux ouvrages prioritaires,False,245
Kara,Assoli,Assoli 1,Dako (Daoude),11084.88259,0.0696083087516142,81.7562026977539,-0.608,0.0,0.0,4230.198714041118,0.0,0.0,11084.88259,34.9,Nouveaux ouvrages prioritaires,False,246
Kara,Assoli,Assoli 1,Bouladè,13207.208385999998,0.07290211195933494,80.78813171386719,-0.813,0.0,0.0,2160.0996809226094,0.0,0.0,13207.208385999998,36.5,Nouveaux ouvrages prioritaires,False,247
Kara,Assoli,Assoli 1,Bafilo,42954.934418,0.17155542907244675,82.86322021484375,-0.663,0.04573033373801801,2.0,2573.8121833835135,0.0,0.0,42954.934418,43.2,Nouveaux ouvrages prioritaires,True,248
Kara,Assoli,Assoli 2,Alédjo,15079.118251999998,0.12232918375382174,144.43252563476562,-0.65,0.0,17.0,0.0,0.0,0.0,15079.118251999998,37.7,Nouveaux ouvrages prioritaires,True,249
Kara,Assoli,Assoli 2,Koumondè,7096.055648,0.0353563187462862,13.36081600189209,-0.027,0.0,0.0,1382.4459681819062,0.0,0.0,7096.055648,29.8,Surveillance,False,250
Kara,Assoli,Assoli 3,Soudou,32505.294295999996,0.10807282422328564,83.19140625,-0.845,0.0,5.0,0.0,0.0,0.0,32505.294295999996,40.5,Nouveaux ouvrages prioritaires,False,251
Kara,Bassar,Bassar 1,Baghan,2175.808166,0.09631159779304745,146.8404998779297,-0.453,0.0,21.0,0.0,0.0,0.0,2175.808166,34.0,Surveillance,False,252
Kara,Bassar,Bassar 1,Bassar,45754.087907,0.2867472626170452,145.08290100097656,-0.816,0.004162470463711024,412.0,0.0,0.0,0.0,45754.087907,49.0,Nouveaux ouvrages prioritaires,True,253
Kara,Bassar,Bassar 1,Kalanga,6009.831366,0.12179955170999728,84.71318817138672,-0.714,0.0,73.0,0.0,0.0,0.0,6009.831366,36.9,Surveillance,True,254
Kara,Bassar,Bassar 2,Dimori,11032.401758,0.15015709822618184,86.3723373413086,-0.785,0.0,173.0,0.0,0.0,0.0,11032.401758,39.1,Nouveaux ouvrages prioritaires,True,255
Kara,Bassar,Bassar 2,Bitchabe,6206.325055,0.13402610770172604,84.6386947631836,-0.751,0.0,141.0,812.7790794976771,0.0,0.0,6206.325055,37.6,Surveillance,True,256
Kara,Bassar,Bassar 2,Bangeli,14879.06771,0.09621517607834276,84.71318817138672,-0.696,0.0,6.0,5211.717666140344,0.0,0.0,14879.06771,36.9,Nouveaux ouvrages prioritaires,False,257
Kara,Bassar,Bassar 3,Manga,5788.695273,0.11731810413676605,83.91573333740234,-0.606,0.0,67.0,2366.892663616018,0.0,0.0,5788.695273,36.1,Surveillance,True,258
Kara,Bassar,Bassar 3,Kabou,29360.079560000002,0.18634973299750263,149.39305114746094,-0.892,0.0,151.0,0.0,0.0,0.0,29360.079560000002,43.4,Nouveaux ouvrages prioritaires,True,259
Kara,Bassar,Bassar 4,Sanda-Afohou,4528.939905,0.08344860683857422,87.00579833984375,-0.688,0.0,6.0,0.0,0.0,0.0,4528.939905,35.1,Surveillance,False,260
Kara,Bassar,Bassar 4,Sanda-Kagbanda,7078.5653330000005,0.09883169674640761,145.99266052246094,-0.725,0.0,7.0,0.0,0.0,0.0,7078.5653330000005,36.2,Surveillance,False,261
Kara,Binah,Binah 1,Solla,9581.901087,0.0668354912727135,83.19140625,-0.654,0.0,0.0,10287.951017686171,0.0,0.0,9581.901087,34.9,Surveillance,False,262
Kara,Binah,Binah 1,Pessaré,5023.636809,0.06399174411878189,83.76165008544922,-0.719,0.0,0.0,870.0398991365008,0.0,0.0,5023.636809,34.6,Surveillance,False,263
Kara,Binah,Binah 1,Boufalé,3963.105865,0.06139908704573305,82.8514633178711,-0.497,0.0,0.0,524.0211250462689,0.0,0.0,3963.105865,33.1,Surveillance,False,264
Kara,Binah,Binah 1,Pitikita,3738.8904199999997,0.06006384891761034,81.8288803100586,-0.503,0.0,0.0,2262.235096846253,0.0,0.0,3738.8904199999997,33.0,Surveillance,False,265
Kara,Binah,Binah 1,Lama-Dessi,7138.663812,0.06712644054911152,85.31968688964844,-0.598,0.0,0.0,0.0,0.0,0.0,7138.663812,34.3,Surveillance,False,266
Kara,Binah,Binah 1,Pagouda,16463.050477,0.08275879046077705,146.47055053710938,-0.654,0.0,0.0,0.0,0.0,0.0,16463.050477,36.4,Nouveaux ouvrages prioritaires,False,267
Kara,Binah,Binah 2,Sirka,8384.935789,0.10668654575736576,83.54733276367188,-0.671,0.0,23.0,3247.920944420343,0.0,0.0,8384.935789,36.4,Surveillance,False,268
Kara,Binah,Binah 2,Kétao,14046.64716,0.07232753426924222,84.22698211669922,-0.596,0.0,0.0,3368.5627594061493,0.0,0.0,14046.64716,35.3,Nouveaux ouvrages prioritaires,False,269
Kara,Binah,Binah 2,Kémérida,5699.819119,0.06312776105114662,80.19223022460938,-0.573,0.0,0.0,4983.129104645834,0.0,0.0,5699.819119,33.8,Surveillance,False,270
Kara,Dankpen,Dankpen 1,Naompoch,12702.092056000001,0.11413936699690165,150.55836486816406,-0.757,0.0,11.0,0.0,0.0,0.0,12702.092056000001,37.7,Nouveaux ouvrages prioritaires,True,271
Kara,Dankpen,Dankpen 1,Katchamba,9917.82956,0.07791805793259152,154.88836669921875,-0.664,0.0,0.0,0.0,0.0,0.0,9917.82956,35.4,Surveillance,False,272
Kara,Dankpen,Dankpen 1,Guérin-Kouka,52457.893216000004,0.18904766562789593,146.78729248046875,-0.67,0.0,103.0,0.0,0.0,0.0,52457.893216000004,45.1,Nouveaux ouvrages prioritaires,True,273
Kara,Dankpen,Dankpen 1,Koulféikou,16261.265483000001,0.0848765512146279,154.88836669921875,-0.907,0.0,0.0,0.0,0.0,0.0,16261.265483000001,37.9,Nouveaux ouvrages prioritaires,False,274
Kara,Dankpen,Dankpen 2,Namon,8472.5454,0.08798948289252426,85.60781860351562,-0.876,0.0,4.0,0.0,0.0,0.0,8472.5454,36.8,Surveillance,False,275
Kara,Dankpen,Dankpen 2,Natchiboré,14028.482424,0.10220318806009727,150.55836486816406,-0.73,0.0,4.0,0.0,0.0,0.0,14028.482424,37.3,Nouveaux ouvrages prioritaires,False,276
Kara,Dankpen,Dankpen 2,Natchitikpi,8205.531848,0.11016896093442625,84.98348999023438,-0.846,0.0,24.0,0.0,0.0,0.0,8205.531848,37.5,Surveillance,True,277
Kara,Dankpen,Dankpen 2,Koutchitchéou,8613.578546,0.14609296781408174,86.0761947631836,-0.592,0.0,199.0,0.0,0.0,0.0,8613.578546,37.5,Surveillance,True,278
Kara,Dankpen,Dankpen 3,Nawaré,21207.03788,0.1336795719248095,86.3723373413086,-0.618,0.0,41.0,241.45077673807438,0.0,0.0,21207.03788,38.8,Nouveaux ouvrages prioritaires,True,279
Kara,Dankpen,Dankpen 3,Bapuré,24311.870713,0.16826064881348998,86.7798080444336,-0.748,0.0,174.0,0.0,0.0,0.0,24311.870713,41.2,Nouveaux ouvrages prioritaires,True,280
Kara,Dankpen,Dankpen 3,Nandouta,20903.453413,0.08673926925479393,154.8228759765625,-0.741,0.0,0.0,0.0,0.0,0.0,20903.453413,37.6,Nouveaux ouvrages prioritaires,False,281
Kara,Dankpen,Dankpen 3,Kidjabou,29833.62956,0.187227866083604,154.1192626953125,-0.852,0.0,147.0,0.0,0.0,0.0,29833.62956,43.3,Nouveaux ouvrages prioritaires,True,282
Kara,Doufelgou,Doufelgou 1,Siou,10670.109294,0.07088497587133843,83.78764343261719,-0.658,0.0,0.0,0.0,0.0,0.0,10670.109294,35.2,Nouveaux ouvrages prioritaires,False,283
Kara,Doufelgou,Doufelgou 1,Agbandè-Yaka,4911.383646,0.06474697635609473,84.61834716796875,-0.928,0.0,0.0,963.2802931710706,0.0,0.0,4911.383646,35.8,Surveillance,False,284
Kara,Doufelgou,Doufelgou 1,Niamtougou,16105.993911,0.13721766058088394,83.74313354492188,-0.719,0.0,67.0,0.0,0.0,0.0,16105.993911,38.8,Nouveaux ouvrages prioritaires,True,285
Kara,Doufelgou,Doufelgou 1,Ténéga,4171.269717,0.060857470209933394,79.93083190917969,-0.595,0.0,0.0,2068.803732680886,0.0,0.0,4171.269717,33.6,Surveillance,False,286
Kara,Doufelgou,Doufelgou 1,Baga,7698.423546,0.06769029813854457,79.72818756103516,-0.757,0.0,0.0,0.0,0.0,0.0,7698.423546,35.3,Surveillance,False,287
Kara,Doufelgou,Doufelgou 1,Pouda,3035.160848,0.05853621211492284,79.99628448486328,-0.622,0.0,0.0,2919.159100737879,0.0,0.0,3035.160848,33.6,Surveillance,False,288
Kara,Doufelgou,Doufelgou 1,Massédéna,3132.061008,0.059050098831040385,81.39230346679688,-0.779,0.0,0.0,6871.635837487044,0.0,0.0,3132.061008,34.5,Surveillance,False,289
Kara,Doufelgou,Doufelgou 1,Koka,4422.103308,0.09148198103373623,84.22698211669922,-0.328,0.0,16.0,0.0,0.0,0.0,4422.103308,33.3,Surveillance,False,290
Kara,Doufelgou,Doufelgou 2,Léon,1669.127229,0.06229141273477167,150.85450744628906,-0.849,0.0,0.0,0.0,0.0,0.0,1669.127229,34.8,Surveillance,False,291
Kara,Doufelgou,Doufelgou 2,Alloum,4205.333538,0.0696961978147816,150.85450744628906,-0.808,0.0,0.0,0.0,0.0,0.0,4205.333538,35.2,Surveillance,False,292
Kara,Doufelgou,Doufelgou 2,Kadjalla,3555.444486,0.0678240736424997,150.85450744628906,-0.78,0.0,0.0,0.0,0.0,0.0,3555.444486,34.9,Surveillance,False,293
Kara,Doufelgou,Doufelgou 2,Tchoré,919.311405,0.05273743295766027,85.79005432128906,-0.716,0.0,0.0,0.0,0.0,0.0,919.311405,33.6,Surveillance,False,294
Kara,Doufelgou,Doufelgou 2,Défalé,7783.778738,0.06775511328262623,84.06465148925781,-0.645,0.0,0.0,0.0,0.0,0.0,7783.778738,34.6,Surveillance,False,295
Kara,Doufelgou,Doufelgou 2,Kpaha,1743.448293,0.05534344471154214,82.28236389160156,-0.62,0.0,0.0,0.0,0.0,0.0,1743.448293,33.3,Surveillance,False,296
Kara,Kéran,Kéran 1,Kantè,27944.432839,0.08998666848351486,150.85450744628906,-0.831,0.0,0.0,0.0,0.0,0.0,27944.432839,39.1,Nouveaux ouvrages prioritaires,False,297
Kara,Kéran,Kéran 1,Pessidè,15573.042364,0.08361997201193826,150.55836486816406,-0.838,0.0,0.0,0.0,0.0,0.0,15573.042364,37.3,Nouveaux ouvrages prioritaires,False,298
Kara,Kéran,Kéran 1,Akpontè,5759.683098,0.0729129646908354,148.00437927246094,-0.981,0.0,0.0,0.0,0.0,0.0,5759.683098,36.5,Surveillance,False,299
Kara,Kéran,Kéran 2,Hélota,12947.449566000001,0.08896325109483634,150.55836486816406,-0.708,0.0,1.0,0.0,0.0,0.0,12947.449566000001,36.5,Nouveaux ouvrages prioritaires,False,300
Kara,Kéran,Kéran 2,Ossacré,10088.357398,0.07077502087674604,86.0761947631836,-0.586,0.0,0.0,0.0,0.0,0.0,10088.357398,34.7,Surveillance,False,301
Kara,Kéran,Kéran 2,Ataloté,10200.393674,0.07906034872399219,150.85450744628906,-0.859,0.0,0.0,0.0,0.0,0.0,10200.393674,36.6,Nouveaux ouvrages prioritaires,False,302
Kara,Kéran,Kéran 3,Nadoba,21353.095694000003,0.09481250313891115,86.0761947631836,-0.539,0.0,3.0,0.0,0.0,0.0,21353.095694000003,36.8,Nouveaux ouvrages prioritaires,False,303
Kara,Kéran,Kéran 3,Warengo,8855.958362000001,0.08902263251970517,82.95365905761719,-0.739,0.0,5.0,0.0,0.0,0.0,8855.958362000001,36.1,Surveillance,False,304
Kara,Kéran,Kéran 3,Koutougou,4674.968244000001,0.06324595501873038,81.72167205810547,-0.847,0.0,0.0,1558.1928269722505,0.0,0.0,4674.968244000001,35.2,Surveillance,False,305
Kara,Kozah,Kozah 1,Landa,9830.5197,0.06874963090475697,84.03545379638672,-0.534,0.0,0.0,3195.771491827784,0.0,0.0,9830.5197,34.3,Surveillance,False,306
Kara,Kozah,Kozah 1,Soumdina,6961.230600000001,0.06572393509574234,85.49884033203125,-0.531,0.0,0.0,2008.902805896455,0.0,0.0,6961.230600000001,33.8,Surveillance,False,307
Kara,Kozah,Kozah 1,Lassa,16926.505,0.0998195892641064,81.58475494384766,-0.472,0.007024096880145353,0.0,0.0,0.0,0.0,16926.505,36.1,Nouveaux ouvrages prioritaires,False,308
Kara,Kozah,Kozah 1,Kara,94804.8615,0.44149102154400377,150.27935791015625,-0.584,0.25261159549502576,86.0,0.0,0.0,0.0,94804.8615,59.8,Nouveaux ouvrages prioritaires,True,309
Kara,Kozah,Kozah 2,Kouméa,10651.738507,0.07134066120413968,83.11311340332031,-0.763,0.0,0.0,157.4677479447883,0.0,0.0,10651.738507,35.8,Nouveaux ouvrages prioritaires,False,310
Kara,Kozah,Kozah 2,Tcharè,3815.8587,0.06609458065233086,151.26333618164062,-0.543,0.0,0.0,1929.866088666384,0.0,0.0,3815.8587,33.5,Surveillance,False,311
Kara,Kozah,Kozah 2,Pya,16104.830000000002,0.07953924025802042,151.26333618164062,-0.224,0.0,0.0,0.0,0.0,0.0,16104.830000000002,33.7,Nouveaux ouvrages prioritaires,False,312
Kara,Kozah,Kozah 2,Tchitchao,8870.8033,0.07625724816843764,149.9105987548828,-0.767,0.0,0.0,0.0,0.0,0.0,8870.8033,35.8,Surveillance,False,313
Kara,Kozah,Kozah 2,Bohou,12607.781200000001,0.0696718419263815,82.53034973144531,-0.183,0.0,0.0,346.28059654283203,0.0,0.0,12607.781200000001,32.7,Nouveaux ouvrages prioritaires,False,314
Kara,Kozah,Kozah 2,Sara-Kawa,4429.255451,0.06868047794950971,150.85450744628906,-0.634,0.0,0.0,0.0,0.0,0.0,4429.255451,34.2,Surveillance,False,315
Kara,Kozah,Kozah 2,Yadè,7549.5499,0.06697292154861524,83.71615600585938,-0.565,0.0,0.0,1721.7700155035063,0.0,0.0,7549.5499,34.1,Surveillance,False,316
Kara,Kozah,Kozah 3,Awandjélo,12525.351144,0.07130601695396044,82.49445343017578,-0.49,0.0,0.0,0.0,0.0,0.0,12525.351144,34.5,Nouveaux ouvrages prioritaires,False,317
Kara,Kozah,Kozah 3,Kpinzindè,11623.558266,0.0724180795052145,82.97080993652344,-0.781,0.0,0.0,0.0,0.0,0.0,11623.558266,36.1,Nouveaux ouvrages prioritaires,False,318
Kara,Kozah,Kozah 4,Djamdè,3231.623618,0.06661643133048398,150.8990936279297,-0.743,0.0,0.0,1246.9228241924766,0.0,0.0,3231.623618,34.6,Surveillance,False,319
Kara,Kozah,Kozah 4,Atchangbadè,18904.849326,0.09037389639886349,86.49958801269531,-0.654,0.0,2.0,0.0,0.0,0.0,18904.849326,37.0,Nouveaux ouvrages prioritaires,False,320
Savanes,Cinkassé,Cinkassé 1,Gouloungoussi,4300.628436,0.06152353732469032,84.47212219238281,-0.524,0.0,0.0,2000.1894910839421,0.0,0.0,4300.628436,33.3,Surveillance,False,321
Savanes,Cinkassé,Cinkassé 1,Noaga,1351.872147,0.054625803241745804,84.47212219238281,-0.774,0.0,0.0,1234.1299981624393,0.0,0.0,1351.872147,34.1,Surveillance,False,322
Savanes,Cinkassé,Cinkassé 1,Boadé,46270.254552,0.19562829290221415,147.86158752441406,-0.554,0.16124403993982458,0.0,0.0,0.0,0.0,46270.254552,44.0,Nouveaux ouvrages prioritaires,True,323
Savanes,Cinkassé,Cinkassé 2,Biankouri,15559.899867999999,0.07192656944218638,82.90264892578125,-0.33,0.0,0.0,2852.2076597960177,0.0,0.0,15559.899867999999,34.0,Nouveaux ouvrages prioritaires,False,324
Savanes,Cinkassé,Cinkassé 2,Nadjoundi,10168.010763999999,0.07020184413424775,84.8088607788086,-0.564,0.0,0.0,0.0,0.0,0.0,10168.010763999999,34.6,Nouveaux ouvrages prioritaires,False,325
Savanes,Cinkassé,Cinkassé 2,Timbou,16092.887444,0.08334983585823232,84.74877166748047,-0.735,0.0,1.0,0.0,0.0,0.0,16092.887444,36.8,Nouveaux ouvrages prioritaires,False,326
Savanes,Cinkassé,Cinkassé 2,Sam-Naba,9367.473667,0.07634589956315013,83.70760345458984,-0.567,0.0,1.0,59.80328027871729,0.0,0.0,9367.473667,34.7,Surveillance,False,327
Savanes,Kpendjal,Kpendjal 1,Tambigou,4299.376432,0.14256008360031025,157.71360778808594,-0.597,0.0,157.0,0.0,0.0,0.0,4299.376432,36.9,Surveillance,True,328
Savanes,Kpendjal,Kpendjal 1,Koundjoaré,17254.4925,0.10923738545553606,89.19757080078125,-0.871,0.0,11.0,4181.355968742798,0.0,0.0,17254.4925,38.7,Nouveaux ouvrages prioritaires,False,329
Savanes,Kpendjal,Kpendjal 1,Mandouri,18144.133,0.19156734783243143,157.71360778808594,-0.845,0.0,281.0,0.0,0.0,0.0,18144.133,41.9,Nouveaux ouvrages prioritaires,True,330
Savanes,Kpendjal,Kpendjal 2,Borgou,22484.672,0.19068460372877277,152.21829223632812,-0.758,0.0,233.0,0.0,0.0,0.0,22484.672,41.9,Nouveaux ouvrages prioritaires,True,331
Savanes,Kpendjal-Ouest,Kpendjal-Ouest 1,Naki-Est,26579.808100000002,0.10009718728011112,87.4283447265625,-0.804,0.0,3.0,0.0,0.0,0.0,26579.808100000002,39.2,Nouveaux ouvrages prioritaires,False,332
Savanes,Kpendjal-Ouest,Kpendjal-Ouest 1,Nayéga,6958.462,0.06632497482381433,84.35614013671875,-0.488,0.0,0.0,0.0,0.0,0.0,6958.462,33.6,Surveillance,False,333
Savanes,Kpendjal-Ouest,Kpendjal-Ouest 1,Ogaro,22513.0045,0.13111954982165105,86.7798080444336,-0.87,0.0,31.0,1984.4687878792906,0.0,0.0,22513.0045,40.3,Nouveaux ouvrages prioritaires,True,334
Savanes,Kpendjal-Ouest,Kpendjal-Ouest 2,Papri,15016.225,0.0737287697051754,84.47212219238281,-0.455,0.0,0.0,0.0,0.0,0.0,15016.225,34.7,Nouveaux ouvrages prioritaires,False,335
Savanes,Kpendjal-Ouest,Kpendjal-Ouest 2,Tambonga,8108.7615000000005,0.06944028056512694,83.70760345458984,-0.824,0.0,0.0,0.0,0.0,0.0,8108.7615000000005,35.8,Surveillance,False,336
Savanes,Kpendjal-Ouest,Kpendjal-Ouest 2,Namoundjoga,9661.3825,0.09348269569920567,147.0788116455078,-0.673,0.0,3.0,0.0,0.0,0.0,9661.3825,36.0,Surveillance,False,337
Savanes,Kpendjal-Ouest,Kpendjal-Ouest 2,Pogno,19484.478752,0.07935431523311563,87.4283447265625,-0.975,0.0,0.0,1409.1948675559318,0.0,0.0,19484.478752,38.4,Nouveaux ouvrages prioritaires,False,338
Savanes,Oti,Oti 1,Mango,46142.328,0.1485936522422084,157.71360778808594,-0.839,0.017213529237621948,0.0,0.0,0.0,0.0,46142.328,43.7,Nouveaux ouvrages prioritaires,True,339
Savanes,Oti,Oti 1,Sadori,8584.756000000001,0.09821432382653356,157.71360778808594,-0.874,0.0,5.0,4856.19251113356,0.0,0.0,8584.756000000001,37.2,Surveillance,False,340
Savanes,Oti,Oti 1,Faré,4530.68,0.06591866988144417,155.29583740234375,-0.767,0.0,0.0,14321.514358659364,0.0,0.0,4530.68,34.9,Surveillance,False,341
Savanes,Oti,Oti 2,Barkoissi,38451.339236,0.22078867238987376,153.67974853515625,-0.866,0.0,358.0,0.0,0.0,0.0,38451.339236,45.7,Nouveaux ouvrages prioritaires,True,342
Savanes,Oti,Oti 2,Nagbéni,24676.7785,0.17527207356057636,157.71360778808594,-0.768,0.0,112.0,0.0,0.0,0.0,24676.7785,41.7,Nouveaux ouvrages prioritaires,True,343
Savanes,Oti,Oti 2,Tchanaga,6490.052000000001,0.07567949404941765,157.71360778808594,-1.03,0.0,0.0,339.0206684697972,0.0,0.0,6490.052000000001,37.0,Surveillance,False,344
Savanes,Oti,Oti 2,Galangashie,13586.156,0.1535981720884317,153.67974853515625,-0.835,0.0,79.0,147.7693340406021,0.0,0.0,13586.156,39.8,Nouveaux ouvrages prioritaires,True,345
Savanes,Oti-Sud,Oti-Sud 1,Sagbiebou,12685.904,0.0745028629053183,87.11654663085938,-1.184,0.0,0.0,5663.234162696302,0.0,0.0,12685.904,38.6,Nouveaux ouvrages prioritaires,False,346
Savanes,Oti-Sud,Oti-Sud 1,Tchamonga,25849.078,0.16303100343295712,157.71360778808594,-0.946,0.0,67.0,4231.602693133945,0.0,0.0,25849.078,42.4,Nouveaux ouvrages prioritaires,True,347
Savanes,Oti-Sud,Oti-Sud 1,Mogou,16910.616,0.07768816270451119,89.19757080078125,-0.808,0.0,0.0,0.0,0.0,0.0,16910.616,37.1,Nouveaux ouvrages prioritaires,False,348
Savanes,Oti-Sud,Oti-Sud 1,Gando,27533.431500000002,0.09015667302148637,150.0854034423828,-0.793,0.0,0.0,0.0,0.0,0.0,27533.431500000002,38.8,Nouveaux ouvrages prioritaires,False,349
Savanes,Oti-Sud,Oti-Sud 2,Kountoire,15218.455194,0.08401723923531405,155.29583740234375,-0.84,0.0,0.0,0.0,0.0,0.0,15218.455194,37.3,Nouveaux ouvrages prioritaires,False,350
Savanes,Oti-Sud,Oti-Sud 2,Koumongou,10867.748000000001,0.08641069655134256,154.5313262939453,-0.834,0.0,1.0,5032.792987488177,0.0,0.0,10867.748000000001,36.8,Nouveaux ouvrages prioritaires,False,351
Savanes,Oti-Sud,Oti-Sud 2,Nali,9649.76,0.0786501700300937,154.8228759765625,-0.867,0.0,0.0,1078.640737853192,0.0,0.0,9649.76,36.6,Surveillance,False,352
Savanes,Oti-Sud,Oti-Sud 2,Takpamba,11565.466044,0.12152908397245658,150.85450744628906,-0.682,0.0,20.0,1909.6859787752846,0.0,0.0,11565.466044,37.4,Nouveaux ouvrages prioritaires,True,353
Savanes,Tandjoaré,Tandjoaré 1,Loko,7994.013772,0.06770451192498186,86.7798080444336,-0.56,0.0,0.0,3548.520138028068,0.0,0.0,7994.013772,34.2,Surveillance,False,354
Savanes,Tandjoaré,Tandjoaré 1,Pligou,9160.597272,0.06881692042075874,84.50827026367188,-0.56,0.0,0.0,1243.310541642666,0.0,0.0,9160.597272,34.4,Surveillance,False,355
Savanes,Tandjoaré,Tandjoaré 1,Bombouaka,10488.571148,0.07093967824058026,86.88988494873047,-0.592,0.0,0.0,0.0,0.0,0.0,10488.571148,34.8,Nouveaux ouvrages prioritaires,False,356
Savanes,Tandjoaré,Tandjoaré 1,Goundoga,5083.8615,0.06376278347952596,86.08493041992188,-0.63,0.0,0.0,1380.1377999751348,0.0,0.0,5083.8615,34.1,Surveillance,False,357
Savanes,Tandjoaré,Tandjoaré 1,Bogou,16250.280848,0.07508206105877956,84.47212219238281,-0.591,0.0,0.0,0.0,0.0,0.0,16250.280848,35.7,Nouveaux ouvrages prioritaires,False,358
Savanes,Tandjoaré,Tandjoaré 1,Nandoga,6561.570576,0.06462399532702781,80.21007537841797,-0.447,0.0,0.0,1907.5413258991452,0.0,0.0,6561.570576,33.2,Surveillance,False,359
Savanes,Tandjoaré,Tandjoaré 1,Boulogou,7831.541188,0.10876719396450696,84.47212219238281,-0.437,0.0,29.0,106.0018089635438,0.0,0.0,7831.541188,35.1,Surveillance,False,360
Savanes,Tandjoaré,Tandjoaré 1,Tamongue,25918.681132,0.08099052721406387,89.19757080078125,-0.608,0.0,0.0,854.0815059418593,0.0,0.0,25918.681132,37.2,Nouveaux ouvrages prioritaires,False,361
Savanes,Tandjoaré,Tandjoaré 2,Bagou,3249.152372,0.05964510563978877,84.61834716796875,-0.528,0.0,0.0,2904.190506165857,0.0,0.0,3249.152372,33.1,Surveillance,False,362
Savanes,Tandjoaré,Tandjoaré 2,Nano,15518.358488000002,0.08239487748183619,145.78651428222656,-0.731,0.0,0.0,0.0,0.0,0.0,15518.358488000002,36.7,Nouveaux ouvrages prioritaires,False,363
Savanes,Tandjoaré,Tandjoaré 2,Sissiak,21951.207428,0.08680970565627284,150.6075439453125,-0.689,0.0,0.0,0.0,0.0,0.0,21951.207428,37.4,Nouveaux ouvrages prioritaires,False,364
Savanes,Tandjoaré,Tandjoaré 2,Tampialime,11006.497424000001,0.07181330483461468,86.1253662109375,-0.632,0.0,0.0,0.0,0.0,0.0,11006.497424000001,35.1,Nouveaux ouvrages prioritaires,False,365
Savanes,Tandjoaré,Tandjoaré 2,Mamproug,7093.160164000001,0.06432995801650485,86.88988494873047,-0.384,0.0,0.0,7268.329591820679,0.0,0.0,7093.160164000001,32.9,Surveillance,False,366
Savanes,Tandjoaré,Tandjoaré 2,Doukpergou,7683.922928,0.06699760876956708,82.36968994140625,-0.471,0.0,0.0,234.51213329898124,0.0,0.0,7683.922928,33.6,Surveillance,False,367
Savanes,Tandjoaré,Tandjoaré 2,Sangou,4302.68124,0.04103111557416093,17.268970489501953,-0.515,0.0,0.0,8632.543584962435,0.0,0.0,4302.68124,32.4,Surveillance,False,368
Savanes,Tandjoaré,Tandjoaré 2,Lokpano,8343.819176,0.06743731198683121,85.18356323242188,-0.418,0.0,0.0,1161.0374049966526,0.0,0.0,8343.819176,33.4,Surveillance,False,369
Savanes,Tône,Tône 1,Poissongui,7223.48227,0.08534795074679136,147.49090576171875,-0.53,0.0,2.0,0.0,0.0,0.0,7223.48227,34.6,Surveillance,False,370
Savanes,Tône,Tône 1,Kourientre,11143.930556000001,0.09666331165725656,86.88988494873047,-0.719,0.0,7.0,244.2448659982402,0.0,0.0,11143.930556000001,36.6,Nouveaux ouvrages prioritaires,False,371
Savanes,Tône,Tône 1,Dapaong,154758.807448,0.3887760040966075,151.37205505371094,-0.828,0.12379391086032818,39.0,0.0,0.0,0.0,154758.807448,66.7,Nouveaux ouvrages prioritaires,True,372
Savanes,Tône,Tône 1,Toaga,15690.872872000002,0.08212377606438108,149.66574096679688,-0.601,0.0,0.0,0.0,0.0,0.0,15690.872872000002,35.9,Nouveaux ouvrages prioritaires,False,373
Savanes,Tône,Tône 1,Natigou,7583.766132000001,0.06772706875480902,86.88988494873047,-0.571,0.0,0.0,0.0,0.0,0.0,7583.766132000001,34.2,Surveillance,False,374
Savanes,Tône,Tône 1,Pana,13857.07926,0.07422132360716638,86.88988494873047,-0.637,0.0,0.0,0.0,0.0,0.0,13857.07926,35.6,Nouveaux ouvrages prioritaires,False,375
Savanes,Tône,Tône 1,Bidjenga,8986.888752,0.07665182928701106,148.95428466796875,-0.846,0.0,0.0,1631.6855241130895,0.0,0.0,8986.888752,36.3,Surveillance,False,376
Savanes,Tône,Tône 2,Nanergou,12015.208568,0.08035385820283117,149.66574096679688,-0.843,0.0,0.0,0.0,0.0,0.0,12015.208568,36.8,Nouveaux ouvrages prioritaires,False,377
Savanes,Tône,Tône 2,Namaré,11800.121864,0.09240485384951466,148.81790161132812,-0.657,0.0,2.0,0.0,0.0,0.0,11800.121864,36.2,Nouveaux ouvrages prioritaires,False,378
Savanes,Tône,Tône 2,Naki-Ouest,29006.828232000003,0.1395996130609366,150.6075439453125,-0.678,0.0,21.0,0.0,0.0,0.0,29006.828232000003,40.3,Nouveaux ouvrages prioritaires,True,379
Savanes,Tône,Tône 3,Nioukpourma,17130.059544,0.11906485120528026,150.27935791015625,-0.859,0.0,10.0,0.0,0.0,0.0,17130.059544,39.0,Nouveaux ouvrages prioritaires,True,380
Savanes,Tône,Tône 3,Tami,27285.246944000002,0.08971112259392547,150.27935791015625,-0.75,0.0,0.0,0.0,0.0,0.0,27285.246944000002,38.5,Nouveaux ouvrages prioritaires,False,381
Savanes,Tône,Tône 3,Lotogou,14368.997732000002,0.08064929400306683,148.20428466796875,-0.563,0.0,0.0,0.0,0.0,0.0,14368.997732000002,35.5,Nouveaux ouvrages prioritaires,False,382
Savanes,Tône,Tône 3,Warkambou,7144.5338360000005,0.06753767007001664,86.88988494873047,-0.616,0.0,0.0,0.0,0.0,0.0,7144.5338360000005,34.4,Surveillance,False,383
Savanes,Tône,Tône 4,Louanga,11372.388092000001,0.09037323766233894,85.34732055664062,-0.67,0.0,4.0,0.0,0.0,0.0,11372.388092000001,36.1,Nouveaux ouvrages prioritaires,False,384
Savanes,Tône,Tône 4,Kantindi,10966.789348,0.07150861383527855,84.74877166748047,-0.665,0.0,0.0,218.23078220837309,0.0,0.0,10966.789348,35.3,Nouveaux ouvrages prioritaires,False,385
Savanes,Tône,Tône 4,Sanfatoute,9150.518297,0.0695457727810199,83.66716766357422,-0.643,0.0,0.0,282.36112131301286,0.0,0.0,9150.518297,34.9,Surveillance,False,386
Savanes,Tône,Tône 4,Korbongou,47598.911181,0.09691527854716563,147.86158752441406,-0.78,0.0,0.0,0.0,0.0,0.0,47598.911181,41.5,Nouveaux ouvrages prioritaires,False,387
