id,title,type,works_type,status,stade_reception,canton,progress_percent,estimated_cost,total_contract_amount_paid,population,beneficiaires_totaux,cout_par_beneficiaire,launch_date,expected_end_date,work_completion_date,retard_jours,expected_duration,location_name
584,Construction d'un centre communautaire à Alégba  + forage photovoltaïque à ALEGBA,Forage Photovoltaïque (Centre communautaire),Construction,Remise de l'ouvrage à la communauté 100.0%,Remis a la communaute,,100.0,20000000.0,13318882.0,795.0,857.0,23337.222870478414,2024-01-04,2024-04-04,2024-02-23,-41.0,3.0,ALEGBA
585,Réalisation d'un forage photovoltaïque pour eau de boisson ,Forages photovoltaïques dans les communautés pour eau de boisson,Construction,Remise de l'ouvrage à la communauté 100.0%,Remis a la communaute,,100.0,20000000.0,14147099.0,447.0,424.0,47169.811320754714,2023-08-06,2023-11-05,2023-12-31,56.0,3.0,ATONTOMI
587,Réalisation d'un forage photovoltaïque pour eau de boisson ,Forages photovoltaïques dans les communautés pour eau de boisson,Construction,Réception provisoire 100.0%,Reception provisoire,,100.0,20000000.0,14147099.0,400.0,400.0,50000.0,2023-08-06,2023-11-05,2024-06-01,209.0,3.0,BELAGNI
590,"Construction d'un bâtiment scolaire de 4 classes, bureau, magasin + forage au CEG Agbansikiti + équipements",Forages photovoltaïques dans les établissements scolaires,Construction,Remise de l'ouvrage à la communauté 100.0%,Remis a la communaute,,100.0,20000000.0,18179041.0,1300.0,1300.0,15384.615384615385,2023-08-06,2023-11-05,2023-12-31,56.0,3.0,AGBANSIKITI
591,Réalisation d'un forage photovoltaïque pour eau de boisson ,Forages photovoltaïques dans les communautés pour eau de boisson,Construction,Réception technique 100.0%,Reception technique,,100.0,20000000.0,14802637.0,1394.0,1394.0,14347.202295552368,2023-08-05,2023-11-04,2023-12-01,27.0,3.0,ATAFA 2
593,"Construction d'un bâtiment scolaire de trois (03) classes, bureau, magasin + forage à l'EPP Boléa + équipements",Forages photovoltaïques dans les établissements scolaires,Construction,Réception définitive 100.0%,Reception definitive,,100.0,20000000.0,17147072.0,2500.0,2500.0,8000.0,2023-08-06,2023-11-05,2024-06-01,209.0,3.0,BOLEA
595,"Construction d'un bâtiment scolaire de trois (03) classes, bureau, magasin + forage + blocs de latrines à l'EPP Dogodè + équipements ",Forages photovoltaïques dans les établissements scolaires,Construction,Remise de l'ouvrage à la communauté 100.0%,Remis a la communaute,,100.0,20000000.0,12422082.0,752.0,752.0,26595.744680851065,2024-01-04,2024-04-04,2024-02-23,-41.0,3.0,DOGODE
598,Réalisation d'un forage photovoltaïque pour eau de boisson ,Forages photovoltaïques dans les communautés pour eau de boisson,Construction,Réception technique 100.0%,Reception technique,,100.0,20000000.0,15937331.0,1394.0,1293.0,15467.904098994586,2023-08-06,2023-11-05,2024-08-18,287.0,3.0,KALA 2
602,"Construction d'un bâtiment scolaire de trois (03) classes, bureau, magasin + forage + blocs de latrines à l'EPP Lakaba + équipements ",Forages photovoltaïques dans les établissements scolaires,Construction,Remise de l'ouvrage à la communauté 100.0%,Remis a la communaute,,100.0,20000000.0,15257400.0,700.0,700.0,28571.428571428572,2023-08-05,2023-11-04,2023-12-01,27.0,3.0,LAKABA
603,Réalisation d'un forage photovoltaïque pour eau de boisson ,Forages photovoltaïques dans les communautés pour eau de boisson,Construction,Remise de l'ouvrage à la communauté 100.0%,Remis a la communaute,,100.0,20000000.0,16121426.0,600.0,600.0,33333.333333333336,2023-08-05,2023-11-04,2024-02-23,111.0,3.0,ODORIN
605,"Construction d'un bâtiment scolaire de trois (03) classes, bureau, magasin + forage + blocs de latrines à l'EPP Samaï + équipements ",Forages photovoltaïques dans les établissements scolaires,Construction,Réception provisoire 100.0%,Reception provisoire,,12.0,20000000.0,19003266.0,2050.0,2050.0,9756.09756097561,2023-08-06,2023-11-05,2024-10-04,334.0,3.0,SAMAI
607,Construction d'un centre communautaire + forage photovoltaïque,Forage Photovoltaïque (Centre communautaire),Construction,Remise de l'ouvrage à la communauté 100.0%,Remis a la communaute,,100.0,20000000.0,14147099.0,841.0,757.0,26420.07926023778,2023-08-06,2023-11-06,2023-12-31,55.0,3.0,SOLIMBIA
611,Construction d’un bâtiment scolaire de 4 classes +bureau – magasin +forage +mobilier+ 2 blocs latrines au CEG,Forages photovoltaïques dans les établissements scolaires,Construction,Remise de l'ouvrage à la communauté 100.0%,Remis a la communaute,,100.0,20000000.0,13536120.0,5545.0,5060.0,3952.5691699604745,2023-08-04,2023-10-04,2023-12-31,88.0,3.0,ASSERE
615,Construction d’un centre communautaire+ forage+équipement+2 chambres à KAGNISSI,Forage Photovoltaïque (Centre communautaire),Construction,Remise de l'ouvrage à la communauté 100.0%,Remis a la communaute,,100.0,20000000.0,13451797.0,4000.0,2752.0,7267.441860465116,2024-02-22,2025-05-21,2024-04-25,-391.0,3.0,KAGNISSI
617,Construction d’un bâtiment scolaire de 3 classes+bureau-magasin+forage+2 blocs latrines+ mobilier à l’EPP,Forages photovoltaïques dans les établissements scolaires,Construction,Remise de l'ouvrage à la communauté 100.0%,Remis a la communaute,,100.0,20000000.0,13536120.0,1984.0,1984.0,10080.645161290322,2023-07-19,2023-10-18,2023-12-31,74.0,3.0,KAWA
619,Construction d’un bâtiment scolaire de 2 classes (au JEP) +bureau-magasin+forage+2 blocs latrines+ mobilier,Forages photovoltaïques dans les établissements scolaires,Construction,Remise de l'ouvrage à la communauté 100.0%,Remis a la communaute,,100.0,20000000.0,16090209.0,1011.0,1011.0,19782.393669634024,2023-07-19,2023-10-18,2023-11-03,16.0,3.0,KPANAHORE
622,Construction d’un bâtiment scolaire de 2 classes (au JEP) +bureau-magasin+forage+2 blocs latrines +mobilier,Forages photovoltaïques dans les établissements scolaires,Construction,Remise de l'ouvrage à la communauté 100.0%,Remis a la communaute,,100.0,20000000.0,13536120.0,590.0,590.0,33898.30508474576,2023-08-03,2023-11-02,2023-12-31,59.0,3.0,SOMSIA
625,Construction d’un bâtiment scolaire de 4 classes +bureau – magasin +forage +mobilier+ 1 bloc administratif au CEG,Forages photovoltaïques dans les établissements scolaires,Construction,Remise de l'ouvrage à la communauté 100.0%,Remis a la communaute,,100.0,20000000.0,14005170.0,1845.0,1845.0,10840.108401084011,2023-12-23,2024-03-22,2024-03-15,-7.0,3.0,WAZE
627,Réalisation d’un forage photovoltaïque pour eau de boisson dans le quartier Peuhl,Forages photovoltaïques dans les communautés pour eau de boisson,Construction,Remise de l'ouvrage à la communauté 100.0%,Remis a la communaute,,100.0,20000000.0,14710195.0,674.0,674.0,29673.59050445104,2023-07-22,2023-10-21,2024-02-05,107.0,3.0,ASSIMA
628,Réalisation d’un forage photovoltaïque pour eau de boisson et réparation de 2 forages existant,Forages photovoltaïques dans les communautés pour eau de boisson,Construction,Remise de l'ouvrage à la communauté 100.0%,Remis a la communaute,,100.0,20000000.0,14710195.0,752.0,493.0,40567.95131845842,2023-07-19,2023-10-13,2023-12-31,79.0,3.0,BOMWAÏ
631,Réalisation d’un forage photovoltaïque pour eau de boisson dans le quartier Peuhl,Forages photovoltaïques dans les communautés pour eau de boisson,Construction,Remise de l'ouvrage à la communauté 100.0%,Remis a la communaute,,100.0,20250000.0,14802637.0,939.0,939.0,21565.495207667733,2023-07-17,2025-10-16,2023-12-31,-655.0,3.0,KADJANGA
635,Construction d’un centre communautaire+ forage+équipement+2 chambres à TERODA,Forage Photovoltaïque (Centre communautaire),Construction,Remise de l'ouvrage à la communauté 100.0%,Remis a la communaute,,100.0,20000000.0,14710195.0,2007.0,2007.0,9965.122072745391,2023-07-19,2023-10-18,2023-12-31,74.0,3.0,TERODA
636,Réalisation d’un forage photovoltaïque pour eau de boisson dans le quartier Peuhl,Forages photovoltaïques dans les communautés pour eau de boisson,Construction,Remise de l'ouvrage à la communauté 100.0%,Remis a la communaute,,100.0,22500000.0,14802637.0,2007.0,2007.0,11210.762331838565,2023-07-17,2023-10-16,2023-11-22,37.0,3.0,TERODA
639,Construction d'un centre communautaire avec charpente métallique + forage photovoltaïque à BOADE CENTRE,Forage Photovoltaïque (Centre communautaire),Construction,Remise de l'ouvrage à la communauté 100.0%,Remis a la communaute,,100.0,20000000.0,13238514.0,1618.0,1073.0,18639.32898415657,2023-04-05,2023-07-05,2023-08-16,42.0,3.0,BOADE CENTRE
640,Réalisation d'un forage photovoltaïque ,Forages photovoltaïques dans les communautés pour eau de boisson,Construction,Remise de l'ouvrage à la communauté 100.0%,Remis a la communaute,,100.0,20000000.0,15610897.0,481.0,487.0,41067.76180698152,2023-04-03,2023-07-03,2023-08-09,37.0,3.0,GANGA 1
641,Réalisation d'un forage photovoltaïque ,Forages photovoltaïques dans les communautés pour eau de boisson,Construction,Remise de l'ouvrage à la communauté 100.0%,Remis a la communaute,,100.0,20000000.0,16825077.0,462.0,462.0,43290.04329004329,2023-04-03,2023-07-03,2023-08-09,37.0,3.0,GANGA 2
643,Réalisation d'un forage photovoltaïque ,Forages photovoltaïques dans les communautés pour eau de boisson,Construction,Remise de l'ouvrage à la communauté 100.0%,Remis a la communaute,,100.0,20000000.0,17513357.0,323.0,343.0,58309.03790087464,2023-03-22,2023-06-22,2023-08-04,43.0,3.0,KASSOU 2
646,Réalisation d'un forage photovoltaïque ,Forages photovoltaïques dans les communautés pour eau de boisson,Construction,Remise de l'ouvrage à la communauté 100.0%,Remis a la communaute,,100.0,20000000.0,18675158.0,519.0,519.0,38535.64547206166,2023-03-22,2023-06-22,2023-09-14,84.0,3.0,KORENZOAGA 2
647,Réalisation d'un forage photovoltaïque ,Forages photovoltaïques dans les communautés pour eau de boisson,Construction,Remise de l'ouvrage à la communauté 100.0%,Remis a la communaute,,100.0,20000000.0,17272439.0,517.0,573.0,34904.01396160558,2023-03-22,2023-06-22,2023-08-29,68.0,3.0,NAPOGO
648,Réalisation d'un forage photovoltaïque ,Forages photovoltaïques dans les communautés pour eau de boisson,Construction,Remise de l'ouvrage à la communauté 100.0%,Remis a la communaute,,100.0,20000000.0,17808357.0,484.0,484.0,41322.31404958678,2023-03-22,2023-06-22,2023-08-17,56.0,3.0,SANDOGO
649,Réalisation d'un forage photovoltaïque ,Forages photovoltaïques dans les communautés pour eau de boisson,Construction,Remise de l'ouvrage à la communauté 100.0%,Remis a la communaute,,100.0,20000000.0,16857277.0,1103.0,1103.0,18132.366273798732,2023-03-24,2023-03-24,2023-08-17,146.0,3.0,WOURI-WOURI
650,Réalisation d'un forage photovoltaïque ,Forages photovoltaïques dans les communautés pour eau de boisson,Construction,Réception définitive 100.0%,Reception definitive,,100.0,20000000.0,17926357.0,539.0,539.0,37105.751391465674,2023-03-22,2023-06-22,2023-08-17,56.0,3.0,ZAMISSI
651,Réalisation d'un forage photovoltaïque ,Forages photovoltaïques dans les communautés pour eau de boisson,Construction,Remise de l'ouvrage à la communauté 100.0%,Remis a la communaute,,100.0,20000000.0,16701573.0,1821.0,1478.0,13531.799729364006,2023-03-30,2023-06-30,2023-08-29,60.0,3.0,ZINTANGO
652,Réalisation d'un forage photovoltaïque ,Forages photovoltaïques dans les communautés pour eau de boisson,Construction,Réception définitive 100.0%,Reception definitive,,100.0,20000000.0,17926357.0,589.0,778.0,25706.94087403599,2023-03-22,2023-03-22,2023-08-18,149.0,3.0,BARGOUNDE
653,Réalisation d'un forage photovoltaïque,Forages photovoltaïques dans les communautés pour eau de boisson,Construction,Réception définitive 100.0%,Reception definitive,,100.0,20000000.0,17808357.0,1792.0,1792.0,11160.714285714286,2023-03-22,2023-03-22,2023-10-17,209.0,3.0,BOUSSANGA 1
656,Réalisation d'un forage photovoltaïque,Forages photovoltaïques dans les communautés pour eau de boisson,Construction,Réception provisoire 100.0%,Reception provisoire,,100.0,20000000.0,17859025.0,1115.0,1115.0,17937.219730941702,2023-05-31,2023-03-16,2023-06-14,90.0,3.0,GOYAMBA 1
657,Réalisation d'un forage photovoltaïque ,Forages photovoltaïques dans les communautés pour eau de boisson,Construction,Remise de l'ouvrage à la communauté 100.0%,Remis a la communaute,,100.0,20000000.0,14517056.0,1115.0,1115.0,17937.219730941702,2023-03-30,2023-03-30,2023-08-18,141.0,3.0,GOYAMBA 2
658,Réalisation d'un forage photovoltaïque,Forages photovoltaïques dans les communautés pour eau de boisson,Construction,Réception définitive 100.0%,Reception definitive,,100.0,20000000.0,13573056.0,528.0,528.0,37878.78787878788,2023-03-20,2023-04-03,2023-11-22,233.0,3.0,KALYADA
659,Réalisation d'un forage photovoltaïque,Forages photovoltaïques dans les communautés pour eau de boisson,Construction,Remise de l'ouvrage à la communauté 100.0%,Remis a la communaute,,100.0,20000000.0,18340150.0,362.0,362.0,55248.61878453039,2023-03-22,2023-03-22,2023-11-02,225.0,3.0,KODAGO
661,Construction d'un Bâtiment scolaire de 3 classes avec bureau et magasin + 2 Blocs de Latrines +forage photovoltaïque à l'EPP KOMOULOGOU 1,Forages photovoltaïques dans les communautés pour eau de boisson,Construction,Réception provisoire 100.0%,Reception provisoire,,100.0,20000000.0,15309715.0,2452.0,2452.0,8156.606851549755,2025-03-22,2025-06-21,2025-06-18,-3.0,3.0,KOMOULOGOU 2
662,Réalisation d'un forage photovoltaïque,Forages photovoltaïques dans les communautés pour eau de boisson,Construction,Remise de l'ouvrage à la communauté 100.0%,Remis a la communaute,,100.0,20000000.0,18340150.0,205.0,205.0,97560.9756097561,2023-03-22,2023-03-22,2023-11-02,225.0,3.0,KOWONGO
663,Réalisation d'un forage photovoltaïque,Forages photovoltaïques dans les communautés pour eau de boisson,Construction,Réception définitive 100.0%,Reception definitive,,100.0,20000000.0,17859025.0,1115.0,1115.0,17937.219730941702,2023-03-16,2023-03-16,2023-04-18,33.0,3.0,KPALBIAGA 1
664,Réalisation d'un forage photovoltaïque ,Forages photovoltaïques dans les communautés pour eau de boisson,Construction,Remise de l'ouvrage à la communauté 100.0%,Remis a la communaute,,100.0,20000000.0,19767189.0,1306.0,1333.0,15003.750937734434,2023-03-30,2023-03-30,2023-08-22,145.0,3.0,KPALBIAGA 2
667,Réalisation d'un forage photovoltaïque,Forages photovoltaïques dans les communautés pour eau de boisson,Construction,Réception définitive 100.0%,Reception definitive,,100.0,20000000.0,16610058.0,735.0,735.0,27210.884353741498,2023-03-22,2023-03-24,2023-08-31,160.0,3.0,NONLEDE
668,Réalisation d'un forage photovoltaïque ,Forages photovoltaïques dans les communautés pour eau de boisson,Construction,Réception provisoire 100.0%,Reception provisoire,,100.0,20000000.0,17926357.0,2942.0,2940.0,6802.721088435374,2023-03-22,2023-03-22,2023-08-22,153.0,3.0,PIZOSGO 1
671,Réalisation d'un forage photovoltaïque,Forages photovoltaïques dans les communautés pour eau de boisson,Construction,Remise de l'ouvrage à la communauté 100.0%,Remis a la communaute,,100.0,20000000.0,17059883.0,2665.0,2665.0,7504.6904315197,2023-04-05,2023-03-22,2023-08-31,162.0,3.0,POGOYOGO 2
673,Construction deux blocs de latrines communautaires + forage photovoltaïque,Forages photovoltaïques dans les communautés pour eau de boisson,Construction,Remise de l'ouvrage à la communauté 100.0%,Remis a la communaute,,100.0,20000000.0,12335470.0,2452.0,11452.0,1746.4198393293748,2024-01-28,2024-04-28,2024-04-03,-25.0,3.0,SIAMBIN
676,Réalisation d'un forage photovoltaïque,Forages photovoltaïques dans les communautés pour eau de boisson,Construction,Réception définitive 100.0%,Reception definitive,,100.0,20000000.0,17562917.0,10152.0,1615.0,12383.90092879257,2023-03-22,2023-06-21,2023-08-23,63.0,3.0,SAYODE
677,Réalisation d'un forage photovoltaïque,Forages photovoltaïques dans les communautés pour eau de boisson,Construction,Réception définitive 100.0%,Reception definitive,,100.0,20000000.0,17926357.0,1682.0,1682.0,11890.606420927468,2023-03-22,2023-03-22,2023-08-23,154.0,3.0,TIMANGA (CINKASSE)
679,Réalisation d'un forage photovoltaïque,Forages photovoltaïques dans les communautés pour eau de boisson,Construction,Réception définitive 100.0%,Reception definitive,,100.0,20000000.0,18340150.0,926.0,926.0,21598.272138228942,2023-03-22,2023-04-03,2023-12-31,272.0,3.0,WOMNOGO
680,Réalisation d'un forage photovoltaïque,Forages photovoltaïques dans les communautés pour eau de boisson,Construction,Remise de l'ouvrage à la communauté 100.0%,Remis a la communaute,,100.0,20000000.0,13788286.0,854.0,854.0,23419.2037470726,2023-03-22,2023-03-30,2023-05-19,50.0,3.0,YIEGOU (CINKASSE)
682,Réalisation d'un forage photovoltaïque maraicher,Forages photovoltaïques pour les activités maraîchères,Construction,Réception définitive 100.0%,Reception definitive,,100.0,20000000.0,17859025.0,650.0,650.0,30769.23076923077,2023-03-16,2023-05-31,2023-04-18,-43.0,3.0,BINGOULA
683,Réalisation d'un forage photovoltaïque ,Forages photovoltaïques pour les activités maraîchères,Construction,Remise de l'ouvrage à la communauté 100.0%,Remis a la communaute,,100.0,30000000.0,14278000.0,750.0,750.0,40000.0,2023-11-02,2023-11-22,2024-02-01,71.0,3.0,GANGA
685,Construction d'un centre communautaire avec charpente métallique + forage photovoltaïque à GNOAGA CENTRE,Forage Photovoltaïque (Centre communautaire),Construction,Réception définitive 100.0%,Reception definitive,,100.0,20000000.0,18275374.0,593.0,593.0,33726.81281618887,2023-03-22,2023-06-22,2023-08-30,69.0,3.0,GNOAGA CENTRE
688,Réalisation d'un forage photovoltaïque maraicher,Forages photovoltaïques pour les activités maraîchères,Construction,Réception définitive 100.0%,Reception definitive,,100.0,20000000.0,14061476.0,271.0,271.0,73800.73800738007,2023-01-30,2023-01-30,2023-03-09,38.0,3.0,YOUMAKOU
691,Réalisation d'un forage photovoltaïque,Forages photovoltaïques dans les communautés pour eau de boisson,Construction,Réception définitive 100.0%,Reception definitive,,100.0,20000000.0,21204016.0,460.0,460.0,43478.260869565216,2023-01-30,2023-01-30,2023-03-09,38.0,3.0,KOKNOGO
693,Réalisation d'un forage photovoltaïque ,Forages photovoltaïques dans les communautés pour eau de boisson,Construction,Réception définitive 100.0%,Reception definitive,,100.0,20000000.0,17272439.0,900.0,554.0,36101.08303249098,2023-03-22,2023-06-22,2023-09-14,84.0,3.0,KODINZOAGA
695,Construction d'un centre communautaire avec charpente métallique + forage photovoltaïque à KOULTAMSÉ,Forage Photovoltaïque (Centre communautaire),Construction,Remise de l'ouvrage à la communauté 100.0%,Remis a la communaute,,100.0,20000000.0,17808357.0,654.0,506.0,39525.691699604744,2023-03-22,2023-06-22,2023-08-04,43.0,3.0,KOULTAMSÉ
696,Réalisation d'un forage photovoltaïque,Forages photovoltaïques dans les communautés pour eau de boisson,Construction,Remise de l'ouvrage à la communauté 100.0%,Remis a la communaute,,100.0,20000000.0,14061476.0,543.0,643.0,31104.19906687403,2023-01-30,2023-01-30,2023-03-09,38.0,3.0,LANGANDE
697,Réalisation d'un forage photovoltaïque ,Forages photovoltaïques dans les communautés pour eau de boisson,Construction,Réception définitive 100.0%,Reception definitive,,100.0,20000000.0,16857277.0,329.0,150.0,133333.33333333334,2023-04-05,2023-07-05,2023-11-17,135.0,3.0,SINOGO
698,Réalisation d'un forage photovoltaïque ,Forages photovoltaïques dans les communautés pour eau de boisson,Construction,Réception définitive 100.0%,Reception definitive,,100.0,20000000.0,18275374.0,341.0,341.0,58651.026392961874,2023-03-22,2023-06-22,2023-08-16,55.0,3.0,TENNOGO
699,Réalisation d'un forage photovoltaïque ,Forages photovoltaïques dans les communautés pour eau de boisson,Construction,Réception définitive 100.0%,Reception definitive,,100.0,20000000.0,16625634.0,456.0,228.0,87719.29824561403,2023-04-05,2023-07-05,2023-11-17,135.0,3.0,ZOUBEKO
703,Réalisation d'un forage photovoltaïque  pour maraicher,Forages photovoltaïques pour les activités maraîchères,Construction,Réception définitive 100.0%,Reception definitive,,60.0,20000000.0,14445418.0,1254.0,1508.0,13262.59946949602,2023-07-04,2023-10-02,2024-12-02,427.0,3.0,FONWORGOU
706,Construction d'un centre communautaire avec charpente métallique + dallot ,Forage Photovoltaïque (Centre communautaire),Construction,Réception définitive 100.0%,Reception definitive,,100.0,20000000.0,15334383.0,1894.0,1994.0,10030.090270812438,2023-06-26,2023-09-24,2024-07-11,291.0,3.0,NADJOUNDI CENTRE
712,Construction d'un bâtiment scolaire de trois classes avec bureau et magasin à l'EPP Timangue,Forages photovoltaïques dans les établissements scolaires,Construction,Remise de l'ouvrage à la communauté 100.0%,Remis a la communaute,,100.0,20000000.0,15765083.0,1586.0,1626.0,12300.123001230013,2023-06-26,2023-09-24,2024-11-28,431.0,3.0,TIMANGUE (NADJOUNDI)
717,Construction d'un bâtiment scolaire de trois classes avec bureau et magasin et deux blocs de latrines à l’EPP + forage photovoltaïque,Forages photovoltaïques dans les établissements scolaires,Construction,Remise de l'ouvrage à la communauté 100.0%,Remis a la communaute,,0.0,20000000.0,12329570.0,520.0,520.0,38461.53846153846,2024-01-18,2024-04-11,2024-04-03,-8.0,3.0,NAMOUDJOATE 2
720,Construction d'un centre communautaire avec charpente métallique + forage photovoltaïque à PIZOSKO,Forage Photovoltaïque (Centre communautaire),Construction,Réception définitive 100.0%,Reception definitive,,100.0,20000000.0,12351990.0,585.0,575.0,34782.608695652176,2024-01-16,2024-04-11,2024-04-03,-8.0,3.0,PIZOSKO
722,Réalisation d'un forage photovoltaïque pour maraîchage,Forages photovoltaïques pour les activités maraîchères,Construction,Remise de l'ouvrage à la communauté 100.0%,Remis a la communaute,,100.0,20000000.0,12329570.0,372.0,372.0,53763.44086021505,2024-01-19,2024-04-10,2024-04-03,-7.0,3.0,WAMBAGOU
723,Réalisation d'un forage photovoltaïque ,Forages photovoltaïques dans les communautés pour eau de boisson,Construction,Remise de l'ouvrage à la communauté 100.0%,Remis a la communaute,,100.0,20000000.0,13679136.0,995.0,995.0,20100.502512562813,2023-03-10,2023-06-24,2023-11-23,152.0,3.0,DATOULONTE (TIMBOU)
725,Construction d'un Bâtiment scolaire de 3 classes avec bureau et magasin + 2 Blocs de Latrines à l'EPP + forage photovoltaïque,Forages photovoltaïques dans les communautés pour eau de boisson,Construction,Réception provisoire 100.0%,Reception provisoire,,0.0,20000000.0,13896199.0,455.0,455.0,43956.043956043955,2025-11-12,2026-02-12,2026-02-17,5.0,3.0,DJALOTOUGOU
727,Réalisation d'un forage photovoltaïque pour eau de boisson,Forages photovoltaïques dans les communautés pour eau de boisson,Construction,Remise de l'ouvrage à la communauté 100.0%,Remis a la communaute,,100.0,20000000.0,18355706.0,941.0,941.0,21253.985122210415,2023-03-22,2023-06-22,2023-08-16,55.0,3.0,KALAGOU (TIMBOU)
728,Réalisation d'un forage photovoltaïque ,Forages photovoltaïques dans les communautés pour eau de boisson,Construction,Remise de l'ouvrage à la communauté 100.0%,Remis a la communaute,,100.0,20000000.0,19699425.0,480.0,480.0,41666.666666666664,2023-03-22,2023-06-22,2023-09-14,84.0,3.0,KALKANTINDE
730,"Construction et équipement d'un Bâtiment scolaire de 4 classes avec bureau et magasin, charpente métallique + 2 Blocs de latrines et Forage photovoltaïque  au CEG",Forages photovoltaïques dans les établissements scolaires,Construction,Réception définitive 100.0%,Reception definitive,,100.0,20000000.0,18489514.0,461.0,354.0,56497.17514124294,2023-04-03,2023-07-03,2023-08-22,50.0,3.0,KPALMATONGUE CENTRE
734,Réalisation d'un forage photovoltaïque,Forages photovoltaïques dans les communautés pour eau de boisson,Construction,Remise de l'ouvrage à la communauté 100.0%,Remis a la communaute,,100.0,20000000.0,17536957.0,2000.0,2000.0,10000.0,2023-03-22,2023-06-22,2023-12-27,188.0,3.0,NANLONGUE 1
735,Réalisation d'un forage photovoltaïque ,Forages photovoltaïques dans les communautés pour eau de boisson,Construction,Remise de l'ouvrage à la communauté 100.0%,Remis a la communaute,,100.0,20000000.0,18123535.0,690.0,690.0,28985.507246376812,2023-03-22,2023-06-22,2023-08-17,56.0,3.0,NAMBUITITE TIMBOU
737,Réalisation d'un forage photovoltaïque ,Forages photovoltaïques dans les communautés pour eau de boisson,Construction,Remise de l'ouvrage à la communauté 100.0%,Remis a la communaute,,100.0,20000000.0,17272439.0,385.0,385.0,51948.05194805195,2023-03-22,2023-06-22,2023-08-07,46.0,3.0,NASSABLE 1
738,Réalisation d'un forage photovoltaïque ,Forages photovoltaïques dans les communautés pour eau de boisson,Construction,Remise de l'ouvrage à la communauté 100.0%,Remis a la communaute,,100.0,20000000.0,17272439.0,1068.0,1068.0,18726.591760299627,2023-03-22,2023-06-22,2023-08-07,46.0,3.0,PIZOSKE
739,Construction d'un Bâtiment scolaire de 3 classes avec bureau et magasin + 2 Blocs de Latrines +forage à l'EPP,Forages photovoltaïques dans les établissements scolaires,Construction,Réception définitive 100.0%,Reception definitive,,100.0,20000000.0,17272439.0,591.0,591.0,33840.9475465313,2023-03-22,2023-06-22,2023-08-07,46.0,3.0,SAFOBE 1
743,Réalisation d'un forage photovoltaïque ,Forages photovoltaïques dans les communautés pour eau de boisson,Construction,Remise de l'ouvrage à la communauté 100.0%,Remis a la communaute,,100.0,20000000.0,17336357.0,1361.0,1361.0,14695.077149155033,2023-04-06,2023-07-06,2023-08-23,48.0,3.0,SOUKOUDOUME FOFANA
746,Réalisation d'un forage photovoltaïque,Forages photovoltaïques dans les communautés pour eau de boisson,Construction,Remise de l'ouvrage à la communauté 100.0%,Remis a la communaute,,100.0,20000000.0,17702157.0,689.0,609.0,32840.72249589491,2023-03-22,2023-06-22,2023-08-24,63.0,3.0,TAMONDJOARE 1 (TIMBOU)
747,Réalisation d'un forage photovoltaïque pour eau de boisson,Forages photovoltaïques dans les communautés pour eau de boisson,Construction,Remise de l'ouvrage à la communauté 100.0%,Remis a la communaute,,100.0,20000000.0,15844577.0,778.0,257.0,77821.01167315175,2023-06-27,2023-06-22,2023-12-27,188.0,3.0,TCHIMBIANGBONGUE
748,Réalisation d'un forage photovoltaïque,Forages photovoltaïques dans les communautés pour eau de boisson,Construction,Remise de l'ouvrage à la communauté 100.0%,Remis a la communaute,,100.0,20000000.0,18275624.0,5.0,5.0,4000000.0,2023-03-16,2023-03-16,2023-05-19,64.0,3.0,TIMBOU CENTRE
749,Réalisation d'un forage photovoltaïque,Forages photovoltaïques dans les communautés pour eau de boisson,Construction,Remise de l'ouvrage à la communauté 100.0%,Remis a la communaute,,100.0,20000000.0,18487817.0,872.0,872.0,22935.77981651376,2023-03-16,2023-03-16,2023-05-19,64.0,3.0,YIEGOU (TIMBOU)
750,Réalisation d'un forage photovoltaïque ,Forages photovoltaïques dans les communautés pour eau de boisson,Construction,Remise de l'ouvrage à la communauté 100.0%,Remis a la communaute,,100.0,20000000.0,14418514.0,626.0,626.0,31948.88178913738,2023-03-30,2023-06-30,2023-08-17,48.0,3.0,YOABOUANI
754,Construction d'un bâtiment scolaire de trois classes + bureau et magasin + forage photovoltaïque à EPP Djabdjoare 2 ,Forages photovoltaïques dans les établissements scolaires,Construction,Réception provisoire 100.0%,Reception provisoire,,0.0,20000000.0,20176702.0,1148.0,1148.0,17421.602787456446,2025-03-07,2025-06-07,2025-08-11,65.0,3.0,DJABDJOARE 2
756,Réalisation d’un forage photovoltaïque pour maraîchage,Forages photovoltaïques pour les activités maraîchères,Construction,Réception provisoire 100.0%,Reception provisoire,,100.0,20000000.0,23758085.0,994.0,994.0,20120.72434607646,2025-03-06,2025-06-06,2025-08-11,66.0,3.0,GNANLE
762,Construction d'un bâtiment scolaire de trois classes + bureau et magasin + forage photovoltaïque à EPP Tomole,Forages photovoltaïques dans les établissements scolaires,Construction,Réception provisoire 100.0%,Reception provisoire,,0.0,20000000.0,20176702.0,411.0,411.0,48661.800486618005,2025-03-20,2025-06-07,2025-08-14,68.0,3.0,TOMONLE
770,Construction d’un centre communautaire à Mandouri Centre + forage photovoltaïque,Forage Photovoltaïque (Centre communautaire),Construction,Réception définitive 100.0%,Reception definitive,,0.0,20000000.0,11751680.0,6700.0,6700.0,2985.0746268656717,2024-01-23,,2024-06-19,,3.0,MANDOURI CENTRE
783,Construction et équipement d’un Centre Communautaire à Papri centre + forage photovoltaïque,Forage Photovoltaïque (Centre communautaire),Construction,Remise de l'ouvrage à la communauté 100.0%,Remis a la communaute,,100.0,20000000.0,12343730.0,1813.0,1813.0,11031.439602868175,2024-01-18,2024-04-15,2024-04-03,-12.0,3.0,PAPRI-CENTRE
792,Construction et équipement d’un Centre Communautaire à Pogno-centre + forage photovoltaïque,Forage Photovoltaïque (Centre communautaire),Construction,Remise de l'ouvrage à la communauté 100.0%,Remis a la communaute,,100.0,20000000.0,27680536.0,4453.0,4453.0,4491.354143274197,2024-02-10,2025-05-09,2024-04-13,-391.0,3.0,POGNO CENTRE
802,Electrification (installation des lampadaires solaires,Forages photovoltaïques dans les communautés pour eau de boisson,Construction,Réception provisoire 100.0%,Reception provisoire,,0.0,22773165.0,14291152.0,186.0,186.0,122436.37096774194,2025-02-25,2025-05-25,2025-05-23,-2.0,3.0,TALGUIMBOUNTE 1
818,Construction d'un Bâtiment scolaire de 3 salles de classe avec bureau et magasin clôturé plus deux blocs de latrine,Forages photovoltaïques dans les établissements scolaires,Construction,Réception définitive 100.0%,Reception definitive,,60.0,20000000.0,7962981.0,467.0,30.0,666666.6666666666,2024-10-02,2024-12-02,2024-11-20,-12.0,2.0,DJANKOGUE
820,Construction et équipement d'un bâtiment scolaire de 03 classes avec un bureau- magasin + 2 blocs de latrines + forages photovoltaïques à EPP Djapiebagou,Forages photovoltaïques dans les communautés pour eau de boisson,Construction,Réception provisoire 100.0%,Reception provisoire,,0.0,20000000.0,15144852.0,380.0,380.0,52631.57894736842,2025-03-06,2025-06-05,2025-06-23,18.0,3.0,DJAPIEMBAGOU
846,Construction d'un centre communautaire à NALI ANGOH,Forage Photovoltaïque (Centre communautaire),Construction,Remise de l'ouvrage à la communauté 100.0%,Remis a la communaute,,100.0,20000000.0,17001031.0,942.0,942.0,21231.422505307855,2024-06-06,2024-08-06,2024-09-24,49.0,3.0,NALI ANGOH
853,"Construction d'un bâtiment scolaire de 03 salles de classes, un bureau- magasin équipement en table banc et mobilier de bureau avec forage",Forages photovoltaïques dans les établissements scolaires,Construction,Réception provisoire 100.0%,Reception provisoire,,0.0,20000000.0,17474744.0,1900.0,1900.0,10526.315789473685,2024-12-20,2025-03-22,2025-04-05,14.0,3.0,SIMBO
856,Construction d'un centre communautaire à TCHAMONGA CENTRE,Forage Photovoltaïque (Centre communautaire),Construction,Réception définitive 100.0%,Reception definitive,,100.0,20000000.0,17999527.0,2156.0,2156.0,9276.437847866418,2024-06-05,2025-01-31,2025-02-07,7.0,3.0,TCHAMONGA CENTRE
858,Installation d'un forage photovoltaïque pour le maraichage,Forages photovoltaïques pour les activités maraîchères,Construction,Réception définitive 100.0%,Reception definitive,,0.0,20000000.0,17144330.0,814.0,814.0,24570.02457002457,2024-06-05,2025-01-31,2025-01-21,-10.0,3.0,TOPIENGA
859,Installation d'un forage photovoltaïque pour le maraichage,Forages photovoltaïques pour les activités maraîchères,Construction,Remise de l'ouvrage à la communauté 100.0%,Remis a la communaute,,100.0,20000000.0,16801257.0,628.0,628.0,31847.133757961783,2024-06-05,2025-01-31,2024-12-30,-32.0,3.0,KARKOU
860,Installation d'un forage photovoltaïque pour le maraichage,Forages photovoltaïques pour les activités maraîchères,Construction,Remise de l'ouvrage à la communauté 100.0%,Remis a la communaute,,100.0,20000000.0,16765857.0,498.0,498.0,40160.642570281125,2024-06-05,2025-01-31,2025-01-22,-9.0,3.0,TODJAKOU
861,Installation d'un forage photovoltaïque pour le maraichage,Forages photovoltaïques pour les activités maraîchères,Construction,Remise de l'ouvrage à la communauté 100.0%,Remis a la communaute,,100.0,20000000.0,16842557.0,2168.0,2168.0,9225.09225092251,2024-05-30,2025-01-31,2024-12-30,-32.0,3.0,IBASSANDJA
862,Installation d'un forage photovoltaïque pour le maraichage,Forages photovoltaïques pour les activités maraîchères,Construction,Réception provisoire 100.0%,Reception provisoire,,0.0,20000000.0,16952659.0,1340.0,1340.0,14925.373134328358,2024-06-05,2025-01-30,2025-01-21,-9.0,3.0,KOROKOU
866,1-Construction d'un bâtiment scolaire de 3 classes avec bureau et latrines  à l'EPP Nakpabak B (lieu-dit Sibiogue): sous projet porté par le CVD DE Sibiogue et soutenu par le CVD de Pokenyète,Forages photovoltaïques dans les établissements scolaires,Construction,Réception définitive 100.0%,Reception definitive,,0.0,20000000.0,18000963.0,600.0,607.0,32948.929159802305,2024-05-31,2024-08-01,2024-08-26,25.0,3.0,SIBIOGUE
870,"construction et équipement d'un batiment scolaire de 4 classes avec bureau, latrines et forage au CEG Kpinkparbagou",Forages photovoltaïques dans les établissements scolaires,Construction,Réception définitive 100.0%,Reception definitive,,0.0,20000000.0,16599390.0,1191.0,939.0,21299.254526091587,2024-05-31,2024-08-01,2024-09-23,53.0,3.0,KPINKPARBAGOU 1
874,Construction d'un centre communautaire à Babona,Forage Photovoltaïque (Centre communautaire),Construction,Réception définitive 100.0%,Reception definitive,,0.0,20000000.0,18046472.0,1846.0,1853.0,10793.308148947652,2024-06-03,2024-09-30,2024-08-26,-35.0,3.0,TAMPIALIME CENTRE 2
875,Construction d'une forage photovoltaïque pour le marâichage et équipements maraîchers,Forages photovoltaïques pour les activités maraîchères,Construction,Réception provisoire 100.0%,Reception provisoire,,0.0,20000000.0,16038177.0,1300.0,1300.0,15384.615384615385,2024-05-20,2024-08-01,2024-10-10,70.0,3.0,KOULMATIK-MIRE
876,Appui à la réalisation d'un forage photovoltaïque pour maraîchage,Forages photovoltaïques pour les activités maraîchères,Construction,Réception définitive 100.0%,Reception definitive,,0.0,20000000.0,17553430.0,259.0,260.0,76923.07692307692,2024-05-25,2024-08-25,2024-08-26,1.0,3.0,KPINKPARBAGOU 2
877,Appui à la réalisation d'un forage photovoltaïque pour maraîchage,Forages photovoltaïques pour les activités maraîchères,Construction,Réception définitive 100.0%,Reception definitive,,0.0,20000000.0,16952659.0,926.0,926.0,21598.272138228942,2024-05-20,2024-08-01,2024-11-01,92.0,3.0,PIABRIBAGOU
878,Appui à la réalisation d'un forage photovoltaïque équipé d'un système de pompage pour maraîchage et l'abreuvement des animaux,Forages photovoltaïques pour les activités maraîchères,Construction,Réception définitive 100.0%,Reception definitive,,0.0,20000000.0,16969387.0,735.0,734.0,27247.956403269756,2024-06-03,2024-08-03,2024-08-26,23.0,3.0,NALONGUE 1
882,"ConstruCtion, et équipement d'un jardin d'enfants à l'EPP FAREO ",Forages photovoltaïques dans les établissements scolaires,Construction,Réception définitive 100.0%,Reception definitive,,0.0,20000000.0,15165395.0,1156.0,1156.0,17301.038062283737,2024-06-06,2024-07-13,2024-08-18,36.0,3.0,FAREO
884,ConstruCtion et équipement d'un jardin d'enfants à l'EPP TADERI ,Forages photovoltaïques dans les établissements scolaires,Réhabilitation,Réception définitive 100.0%,Reception definitive,,0.0,20000000.0,14881827.0,1016.0,1016.0,19685.03937007874,2024-05-05,2024-07-13,2024-10-03,82.0,3.0,TADERI
895,Contruction de Batiment scolaire de 3 classes équipées+ bureau+mangasin +forage à EPP Magna,Forages photovoltaïques dans les établissements scolaires,Construction,Réception provisoire 100.0%,Reception provisoire,,0.0,20000000.0,17358376.0,1338.0,1338.0,14947.683109118087,2024-06-03,2024-09-02,2024-09-25,23.0,3.0,MAGNA
897,Contruction de Batiment scolaire de 3 classes équipées+ bureau+mangasin +forage à EPP Fomboro,Forages photovoltaïques dans les établissements scolaires,Construction,Réception technique 100.0%,Reception technique,,0.0,20000000.0,17606907.0,3678.0,3678.0,5437.737901033171,2024-06-03,2024-09-02,2024-10-02,30.0,3.0,FOMBORO
899,Contruction de Batiment scolaire de 3 classes équipées+ bureau+mangasin +forage à EPP DOUANE EST,Forages photovoltaïques dans les établissements scolaires,Construction,Réception provisoire 100.0%,Reception provisoire,,0.0,20000000.0,17606907.0,3221.0,3215.0,6220.839813374806,2024-06-13,,2024-10-03,,3.0,DOUANE-EST
903,Contruction de Batiment scolaire de 3 classes équipées+ bureau+mangasin +forage à EPP Bendenou,Forages photovoltaïques dans les établissements scolaires,Construction,Réception provisoire 100.0%,Reception provisoire,,0.0,20000000.0,17606907.0,2600.0,3600.0,5555.555555555556,2024-06-03,2024-09-02,2024-11-12,71.0,3.0,DJABOU
906,Contruction de Batiment scolaire pour le jardin d'enfants de 2 classes équipées+ bureau+Forage à EPP Bonzoukou,Forages photovoltaïques dans les établissements scolaires,Construction,Réception provisoire 100.0%,Reception provisoire,,0.0,20000000.0,14895699.0,795.0,795.0,25157.232704402515,2024-11-10,2024-12-25,2025-03-12,77.0,3.0,BONZOUKOU
907,Réalisation d'un forage photovoltaïque pour eau de boisson,Forages photovoltaïques dans les communautés pour eau de boisson,Réhabilitation,Réception provisoire 100.0%,Reception provisoire,,0.0,20000000.0,13339373.0,437.0,437.0,45766.59038901602,2025-07-22,2025-10-22,2026-04-01,161.0,3.0,TCHIRI
909,Construction de salle de réunion,Forage Photovoltaïque (Salle de réunion),Construction,Réception technique 100.0%,Reception technique,,0.0,20000000.0,16677418.0,666.0,690.0,28985.507246376812,2024-05-17,,2025-01-17,,3.0,GNANGBANDI (MANGO)
911,Construction d'un centre communautaire à NAKORKOU,Forage Photovoltaïque (Centre communautaire),Construction,Réception provisoire 100.0%,Reception provisoire,,0.0,20000000.0,17884410.0,780.0,780.0,25641.02564102564,2025-03-03,2025-06-03,2026-02-11,253.0,3.0,NAKORKOU
915,Construction d'un batiment scolaire de 3 salles de classe+ bureau+Forage+Bloc sanitaire à l'EPP Gnabadjoani 2,Forages photovoltaïques dans les établissements scolaires,Construction,Réception provisoire 100.0%,Reception provisoire,,0.0,20000000.0,17599408.0,1673.0,1673.0,11954.572624028691,2024-05-20,2024-08-01,2024-10-22,82.0,3.0,GNABADJOUANI 2
919,Construction d'un centre communautaire à KONGO-MOBA,Forage Photovoltaïque (Centre communautaire),Construction,Réception définitive 100.0%,Reception definitive,,0.0,20000000.0,17816068.0,2969.0,2989.0,6691.201070592171,2024-06-11,2024-08-01,2024-08-26,25.0,3.0,KONGO-MOBA
922,Construction d'un forage maraicher à Touontongou,Forages photovoltaïques pour les activités maraîchères,Construction,Réception définitive 100.0%,Reception definitive,,0.0,20000000.0,19217230.0,435.0,442.0,45248.86877828054,2024-06-11,2024-08-01,2024-08-27,26.0,3.0,TOUONTONGOU
923,Réalisation d'un forage maraicher à Kongo-Boumbouni,Forages photovoltaïques pour les activités maraîchères,Construction,Réception définitive 100.0%,Reception definitive,,0.0,20000000.0,16595644.0,365.0,355.0,56338.028169014084,2024-06-11,2024-08-01,2024-09-27,57.0,3.0,KONGO-BOUMBOUNI
925,Réalisation d'un forage maraicher à Kongo-Mossi,Forages photovoltaïques pour les activités maraîchères,Construction,Réception définitive 100.0%,Reception definitive,,0.0,20000000.0,17539644.0,258.0,225.0,88888.88888888889,2024-06-11,2024-08-01,2024-09-27,57.0,3.0,KONGO-MOSSI
927,Réalisation d'un forage maraicher dans le bas-fond de Yobre 1 ,Forages photovoltaïques pour les activités maraîchères,Construction,Réception définitive 100.0%,Reception definitive,,0.0,20000000.0,17000913.0,1497.0,1497.0,13360.05344021376,2024-06-24,2024-08-01,2024-08-18,17.0,3.0,YOBRE 1
932,Construction et équipement d'un centre communautaire,Forage Photovoltaïque (Centre communautaire),Construction,Réception définitive 100.0%,Reception definitive,,0.0,20000000.0,36107008.0,900.0,900.0,22222.222222222223,2024-06-06,2024-09-06,2024-10-03,27.0,3.0,TONGA 2
933,Réalisation d'un forage photovoltaique pour le maraichage,Forages photovoltaïques pour les activités maraîchères,Construction,Remise de l'ouvrage à la communauté 100.0%,Remis a la communaute,,100.0,20000000.0,20929695.0,288.0,288.0,69444.44444444444,2024-05-24,2024-08-21,2024-08-18,-3.0,3.0,KALAO
935,Réalisation d'un forage photovoltaique pour le maraichage,Forages photovoltaïques pour les activités maraîchères,Construction,Réception provisoire 100.0%,Reception provisoire,,0.0,20000000.0,33747246.0,98.0,98.0,204081.6326530612,2024-05-25,2024-08-25,2024-10-03,39.0,3.0,SAMOMONI
942,Construction d'un batiment scolaire de 3 classes avec forage à l'EPP,Forages photovoltaïques dans les établissements scolaires,Construction,Réception définitive 100.0%,Reception definitive,,0.0,20000000.0,17110000.0,644.0,644.0,31055.900621118013,2024-05-22,2024-09-21,2024-09-24,3.0,3.0,N'KPE 2
944,Réalisation d'un forage photovoltaique pour le maraichage,Forages photovoltaïques pour les activités maraîchères,Construction,Réception provisoire 100.0%,Reception provisoire,,0.0,20000000.0,20485632.0,133.0,133.0,150375.93984962406,2024-06-09,2024-09-09,2025-04-18,221.0,3.0,DJIRIDJO
945,Réalisation du forage photovoltaique pour le maraichage,Forages photovoltaïques pour les activités maraîchères,Construction,Réception définitive 100.0%,Reception definitive,,0.0,20000000.0,21520118.0,56.0,56.0,357142.85714285716,2024-06-02,2024-09-02,2024-08-06,-27.0,3.0,GNOLI
948,Réalisation du forage photovoltaique pour le maraichage,Forages photovoltaïques pour les activités maraîchères,Construction,Réception provisoire 100.0%,Reception provisoire,,0.0,20000000.0,21872230.0,235.0,235.0,85106.3829787234,2024-05-21,2024-08-01,2024-10-03,63.0,3.0,SAPOLI
949,Réalisation du forage photovoltaique pour le maraichage,Forages photovoltaïques pour les activités maraîchères,Construction,Réception définitive 100.0%,Reception definitive,,0.0,20000000.0,20248800.0,582.0,551.0,36297.64065335753,2024-05-21,2024-08-21,2024-09-04,14.0,3.0,LENIDO
975,Réalisation d'un forage photovoltaïque pour maraîchage,Forages photovoltaïques pour les activités maraîchères,Construction,Achevé 100.0%,Acheve,,100.0,20000000.0,,1001.0,1001.0,19980.01998001998,,,2026-05-29,,3.0,SAMBROUGUE
976,Réalisation de forage photovoltaïque pour le  JEP de Nakpanag,Forages photovoltaïques dans les établissements scolaires,Construction,Réception provisoire 100.0%,Reception provisoire,,0.0,20000000.0,13774353.0,469.0,172.0,116279.06976744186,2025-10-10,2026-01-10,2026-02-15,36.0,3.0,POAMONGUE
979,Réalisation d'un forage photovoltaïque pour maraîchage,Forages photovoltaïques pour les activités maraîchères,Construction,Réception provisoire 100.0%,Reception provisoire,,0.0,20000000.0,13765833.0,1340.0,728.0,27472.527472527472,2025-01-05,2025-04-05,2025-04-30,25.0,3.0,NAGRE
984,Construction d'un bâtiment scolaire avec bureau et magasin sans latrines avec équipement pour le JEP de l'EPP Nagueyiegou avec FORAGE,Forages photovoltaïques dans les établissements scolaires,Construction,Réception provisoire 100.0%,Reception provisoire,,0.0,20000000.0,13870045.0,1204.0,804.0,24875.621890547263,,,2025-10-31,,3.0,NAGUEYIEGOU
1004,Construction et équipement d'un centre communautaire ,Forage Photovoltaïque (Centre communautaire),Construction,Réception provisoire 100.0%,Reception provisoire,,0.0,20000000.0,14170549.0,3722.0,3722.0,5373.455131649651,2024-11-17,2025-03-19,2025-04-01,13.0,3.0,LOTOGOU CENTRE
1007,Réalisation d'un forage photovoltaïque maraicher ,Forages photovoltaïques pour les activités maraîchères,Construction,Réception provisoire 100.0%,Reception provisoire,,0.0,20000000.0,15524481.0,414.0,414.0,48309.178743961354,2025-04-18,2025-07-17,2025-07-25,8.0,3.0,KOUKDAGOU
1009,Construction et équipement d'un bâtiment scolaire de trois classes et réalisation d'un forage  Photovoltaïque ,Forages photovoltaïques dans les établissements scolaires,Réhabilitation,Réception définitive 100.0%,Reception definitive,,100.0,20000000.0,14451918.0,386.0,386.0,51813.47150259068,2025-04-21,2025-06-20,2025-05-22,-29.0,3.0,BOUTASSOUGOU
1011,Réalisation d'un forage photovoltaïque maraicher ,Forages photovoltaïques pour les activités maraîchères,Construction,Réception provisoire 100.0%,Reception provisoire,,0.0,20000000.0,17729585.0,185.0,185.0,108108.1081081081,2025-08-07,2025-11-07,2025-12-31,54.0,3.0,POMONGUE
1013,"Construction et équipement d'un bâtiment scolaire de trois classes, bloc latrine et forage photovoltaïque ",Forages photovoltaïques dans les établissements scolaires,Construction,Réception provisoire 100.0%,Reception provisoire,,0.0,20000000.0,13391383.0,810.0,960.0,20833.333333333332,2025-04-02,2025-07-02,2025-11-15,136.0,3.0,DASSOUTE-BAGOU
1020,Réalisation d'un forage photovoltaïque pour le maraîchage ,Forages photovoltaïques pour les activités maraîchères,Construction,Réception provisoire 100.0%,Reception provisoire,,0.0,20000000.0,20396607.0,896.0,896.0,22321.428571428572,2025-03-14,2025-06-14,2025-06-25,11.0,3.0,KPÉKIBONGUE
1022,Réalisation d'un forage photovoltaïque pour le maraîchage ,Forages photovoltaïques pour les activités maraîchères,Construction,Réception provisoire 100.0%,Reception provisoire,,0.0,20000000.0,15839258.0,,,,2024-12-04,2025-03-08,2025-04-14,37.0,3.0,SANDJAK 2
1024,Réalisation d'un forage photovoltaique pour le Maraichage ,Forages photovoltaïques pour les activités maraîchères,Construction,Réception provisoire 100.0%,Reception provisoire,,0.0,20000000.0,17683580.0,732.0,732.0,27322.4043715847,2025-03-17,2025-07-17,2025-07-31,14.0,3.0,NOK-DONG
1028,Construction d'un bâtiment scolaire de 3 salles de classes+Bureau+magasin+Forage+Latrines à l'EPP de Djabiène,Forages photovoltaïques dans les établissements scolaires,Construction,Réception provisoire 100.0%,Reception provisoire,,0.0,20000000.0,15531879.0,540.0,540.0,37037.03703703704,2024-12-19,2025-03-01,2025-02-13,-16.0,3.0,DJABIENE
1032,Construction d'un bâtiment scolaire de 3 salles de classe+forage+bloc sanitaire à l'EPP Koundoungou,Forages photovoltaïques dans les établissements scolaires,Construction,Réception provisoire 100.0%,Reception provisoire,,0.0,20000000.0,14237833.0,2041.0,599.0,33388.9816360601,2024-12-29,2025-03-29,2025-04-30,32.0,3.0,KOUNDOUNGOU 1
1034,Construction d'un bâtimentd'un bâtiment scolaire de 3 classes + Bureau+Magasin+forage photovoltaïque à l'EPP Wantambongue,Forages photovoltaïques dans les établissements scolaires,Construction,Réception provisoire 100.0%,Reception provisoire,,0.0,20000000.0,19055295.0,537.0,537.0,37243.947858472995,2025-09-26,2025-12-26,2025-12-11,-15.0,3.0,WANTAMBONGUE 1
1044,"Construction d'un batiment scolaire de trois classes,bureau,magasin et blocs sanitaires + forage à l'EPP ",Forages photovoltaïques dans les établissements scolaires,Construction,Réception provisoire 100.0%,Reception provisoire,,0.0,20000000.0,14827833.0,255.0,255.0,78431.37254901961,2024-10-18,2025-01-18,2025-04-30,102.0,3.0,SIGUIBAGOU 2
1046,"Construction d'un batiment scolaire de trois classes,bureau,magasin et blocs sanitaires avec forage à l'EPP Matougou B",Forages photovoltaïques dans les établissements scolaires,Construction,Réception provisoire 100.0%,Reception provisoire,,0.0,20000000.0,14045380.0,329.0,,,2024-11-13,2025-04-17,2025-10-31,197.0,3.0,LARSIOK
1050,Réalisation  d'un forage photovoltaique pour le maraichage ,Forages photovoltaïques pour les activités maraîchères,Construction,Achevé 100.0%,Acheve,,0.0,20000000.0,23319402.0,161.0,191.0,104712.04188481676,2025-10-27,2026-01-27,2026-03-17,49.0,3.0,MAGNA BAS
1057,Construction et équipement d'un bâtiement  scolaire de 03 classes avec Bureau-magasin + 2blocs latrines et un forage ,Forages photovoltaïques dans les établissements scolaires,Construction,Réception définitive 100.0%,Reception definitive,,100.0,20000000.0,13885579.0,1130.0,1130.0,17699.11504424779,2024-11-10,2025-02-10,2025-02-19,9.0,3.0,SANPEDIGBENDE 2
1065,Réalissation d'un forage photovoltaïque maraicher,Forages photovoltaïques pour les activités maraîchères,Construction,Réception provisoire 100.0%,Reception provisoire,,100.0,20000000.0,18241183.0,976.0,979.0,20429.00919305414,2025-05-20,2025-10-20,2025-09-21,-29.0,5.0,KPATCHIANGBANE 1
1066,Réalissation d'un forage photovoltaïque maraicher,Forages photovoltaïques pour les activités maraîchères,Construction,Réception provisoire 100.0%,Reception provisoire,,0.0,20000000.0,15268345.0,421.0,468.0,42735.042735042734,2025-02-20,2025-05-20,2025-10-06,139.0,3.0,NASSIEGOU
1067,Réalissation d'un forage photovoltaïque maraicher,Forages photovoltaïques pour les activités maraîchères,Construction,Réception provisoire 100.0%,Reception provisoire,,0.0,20000000.0,18241183.0,1106.0,1106.0,18083.182640144667,2025-05-20,2025-10-20,2025-09-21,-29.0,5.0,BASSOUDOUGOU
1068,Réalissation d'un forage photovoltaïque maraicher,Forages photovoltaïques pour les activités maraîchères,Construction,Réception provisoire 100.0%,Reception provisoire,,0.0,20000000.0,16101425.0,252.0,250.0,80000.0,2025-03-07,2025-06-07,2025-09-15,100.0,3.0,KPIMONE
1069,Réalissation d'un forage photovoltaïque maraicher,Forages photovoltaïques pour les activités maraîchères,Construction,Réception provisoire 100.0%,Reception provisoire,,0.0,20000000.0,18035852.0,615.0,615.0,32520.325203252032,2025-07-11,2025-11-10,2025-12-16,36.0,3.0,FALNAGUE 1
1070,Réalissation d'un forage photovoltaïque maraicher,Forages photovoltaïques pour les activités maraîchères,Construction,Réception provisoire 100.0%,Reception provisoire,,0.0,20000000.0,18241183.0,894.0,894.0,22371.364653243847,2025-04-03,2025-09-03,2025-09-21,18.0,5.0,NAKORGOU
1071,Réalissation d'un forage photovoltaïque maraicher,Forages photovoltaïques pour les activités maraîchères,Construction,Réception provisoire 100.0%,Reception provisoire,,0.0,20000000.0,16171828.0,1312.0,1312.0,15243.90243902439,2025-05-20,2025-09-19,2025-12-16,88.0,4.0,KARIATA
1072,Réalissation d'un forage photovoltaïque maraicher,Forages photovoltaïques pour les activités maraîchères,Construction,Réception provisoire 100.0%,Reception provisoire,,0.0,20000000.0,18449595.0,685.0,683.0,29282.576866764277,2025-04-20,2025-08-20,2025-09-15,26.0,4.0,NAKPALI 2
1073,Réalissation d'un forage photovoltaïque maraicher,Forages photovoltaïques pour les activités maraîchères,Construction,Réception provisoire 100.0%,Reception provisoire,,0.0,20000000.0,15622345.0,1096.0,1096.0,18248.17518248175,2025-04-14,2025-07-14,2025-09-15,63.0,3.0,TCHANDANA
1076,"Construction d'un batiment scolaire de trois classes,bureau,magasin  + forage ",Forages photovoltaïques dans les établissements scolaires,Construction,Réception provisoire 100.0%,Reception provisoire,,0.0,20000000.0,15734852.0,1749.0,1649.0,12128.56276531231,2025-03-22,2025-06-21,2025-07-11,20.0,3.0,KEREKETE
1080,Construction d'un batiment scolaire à l'EPP avec forage,Forages photovoltaïques dans les établissements scolaires,Construction,Réception provisoire 100.0%,Reception provisoire,,0.0,20000000.0,14498465.0,567.0,567.0,35273.36860670194,2025-03-22,2025-06-21,2025-07-10,19.0,3.0,TAMBINAMONE
1082,Construction d'un batiment scolaire à l'EPP avec forage,Forages photovoltaïques dans les établissements scolaires,Construction,Réception provisoire 100.0%,Reception provisoire,,0.0,20000000.0,14005745.0,388.0,388.0,51546.39175257732,2025-10-11,2026-01-11,2026-03-12,60.0,3.0,KOUWAKOU
1087,construcion d'un centre communautaire,Forage Photovoltaïque (Centre communautaire),Construction,Réception provisoire 100.0%,Reception provisoire,,0.0,20000000.0,13191793.0,519.0,519.0,38535.64547206166,2025-01-20,2025-04-20,2025-09-08,141.0,3.0,KPANDJINI
1093,Construction d'un bâtiment scolaire de trois salles de classe+bureau+ magasin  avec forage à l'EPP NABILE  B,Forages photovoltaïques dans les établissements scolaires,Construction,Réception provisoire 100.0%,Reception provisoire,,100.0,20000000.0,13225385.0,1768.0,1768.0,11312.217194570136,2025-06-28,2025-09-28,2025-11-15,48.0,3.0,NABILE
1101,"Appui à la construction d'un batiment scolaire de 03 classes, un bureau et magasin à l'EPP Nadjankarkou, avec forage",Forages photovoltaïques dans les établissements scolaires,Construction,Réception provisoire 100.0%,Reception provisoire,,0.0,20000000.0,13225385.0,724.0,714.0,28011.204481792716,2025-04-28,2025-07-28,2025-10-13,77.0,3.0,NADJANKARKOU
1104,"Construction et équipement d'un bâtiment scolaire de 3 classes avec bureau, magasin, latrines et d'un forage photovoltaïque à l'EPP Sakou",Forages photovoltaïques dans les établissements scolaires,Construction,Réception provisoire 100.0%,Reception provisoire,,100.0,20000000.0,13944156.0,834.0,834.0,23980.815347721822,,,2025-09-29,,3.0,SAKOU
1109,Construction d'un bâtiment pour le préscolaire au JEP Djèbouri ,Forages photovoltaïques dans les établissements scolaires,Construction,Réception provisoire 100.0%,Reception provisoire,,0.0,20000000.0,13225385.0,2400.0,2902.0,6891.7987594762235,2025-06-28,2025-09-28,2025-12-02,65.0,3.0,DJEBOURI
1112,Construction et équipement d'un batiment scolaire + forage pour le jardin d'enfants JEP de Djé-Djabou,Forages photovoltaïques dans les établissements scolaires,Construction,Réception définitive 100.0%,Reception definitive,,0.0,20000000.0,14540043.0,1987.0,1357.0,14738.393515106853,2024-10-17,2025-01-17,2025-01-28,11.0,3.0,DJE-DJABOU
1115,Réalisation d'un forage photovoltaique pour le maraichage,Forages photovoltaïques pour les activités maraîchères,Construction,Réception provisoire 100.0%,Reception provisoire,,0.0,20000000.0,21167901.0,2103.0,2072.0,9652.509652509652,2025-06-03,2026-01-03,2026-02-15,43.0,7.0,WOGOU/VILLAGE
1116,Réalisation d'un forage photovoltaique pour le maraichage et abreuvement des animaux,Forages photovoltaïques pour les activités maraîchères,Construction,Réception provisoire 100.0%,Reception provisoire,,100.0,20000000.0,22556248.0,564.0,564.0,35460.99290780142,2025-05-21,2025-08-21,2025-08-28,7.0,3.0,GBATENI
1117,Réalisation d'un forage photovoltaique pour le maraichage,Forages photovoltaïques pour les activités maraîchères,Construction,Réception provisoire 100.0%,Reception provisoire,,100.0,20000000.0,22556248.0,450.0,450.0,44444.444444444445,,,2026-04-01,,3.0,NAKPATI
1120,"Construction d'un bâtiment scolaire de trois (3) classes, bureau , magasin et forage photovoltaïque",Forages photovoltaïques dans les établissements scolaires,Construction,Réception provisoire 100.0%,Reception provisoire,,0.0,20000000.0,13225385.0,2822.0,2784.0,7183.908045977011,2024-10-15,2025-05-16,2025-10-20,157.0,3.0,FIEGOU
1122,"Construction d'un bâtiment scolaire de quatre (4) classes, bureaun , magasin et forage au CEG TONTONDI",Forages photovoltaïques dans les établissements scolaires,Construction,Achevé 100.0%,Acheve,,0.0,20000000.0,15297015.0,1151.0,1151.0,17376.19461337967,2025-11-19,2026-02-12,2026-02-15,3.0,3.0,TONTONDI
1129,Construction d'un JEP de deux (2) classes+forage photovoltaïque,Forages photovoltaïques dans les établissements scolaires,Construction,Achevé 100.0%,Acheve,,0.0,20000000.0,15567331.0,580.0,580.0,34482.75862068965,2025-10-08,2026-01-08,2026-02-15,38.0,3.0,BAKANOU
1136,Réalisation d'un foarge photovoltaique à de fin de maraichage,Forages photovoltaïques pour les activités maraîchères,Construction,Réception provisoire 100.0%,Reception provisoire,,0.0,20000000.0,18604178.0,448.0,448.0,44642.857142857145,,,2025-08-06,,3.0,NATCHITONI
1137,Réalisation d'un forage photovoltaïque à des fins de maraichage,Forages photovoltaïques pour les activités maraîchères,Construction,Achevé 100.0%,Acheve,,0.0,20000000.0,16651080.0,600.0,600.0,33333.333333333336,2025-11-21,2026-02-21,2026-03-09,16.0,3.0,TCHANKPERE
1138,Réalisation d'un foarge photovoltaïque à des fins de maraichage,Forages photovoltaïques pour les activités maraîchères,Construction,Réception provisoire 100.0%,Reception provisoire,,0.0,20000000.0,17683580.0,1314.0,1314.0,15220.700152207002,2025-04-30,2025-07-30,2025-08-28,29.0,3.0,NAMOUMALE
1139,Réalisation d'un forage photovoltaïque à des finis de maraichage,Forages photovoltaïques pour les activités maraîchères,Construction,Réception provisoire 100.0%,Reception provisoire,,0.0,20000000.0,23367286.0,2010.0,2010.0,9950.248756218905,2025-06-27,2025-09-27,2025-09-05,-22.0,3.0,KPENTCHANI
1140,Réalisation d'un forage photovoltaïque à des finis de maraichage,Forages photovoltaïques pour les activités maraîchères,Construction,Réception provisoire 100.0%,Reception provisoire,,0.0,20000000.0,18131980.0,626.0,626.0,31948.88178913738,2025-05-05,2025-08-05,2025-08-28,23.0,3.0,TCHINTCHEREGA
1144,construction et équipement d'un centre communautaire ,Forage Photovoltaïque (Centre communautaire),Construction,Réception provisoire 100.0%,Reception provisoire,,0.0,20000000.0,13191793.0,3697.0,3697.0,5409.791723018664,2024-11-19,2025-02-19,2025-09-05,198.0,3.0,MOGOU CENTRE
1145,Réalisation d’un forage photovoltaïque pour eau de boisson et réparation de 2 forages existant,Forages photovoltaïques dans les communautés pour eau de boisson,Réhabilitation,Remise de l'ouvrage à la communauté 100.0%,Remis a la communaute,,100.0,5000000.0,4514680.0,752.0,493.0,10141.987829614605,2024-02-12,2024-04-26,2023-12-31,-117.0,3.0,BOMWAÏ
1146,Réalisation d’un forage photovoltaïque pour eau de boisson et réparation de 2 forages existant,Forages photovoltaïques dans les communautés pour eau de boisson,Réhabilitation,Remise de l'ouvrage à la communauté 100.0%,Remis a la communaute,,100.0,5000000.0,4514680.0,752.0,493.0,10141.987829614605,2024-02-12,2024-04-26,2023-12-31,-117.0,3.0,BOMWAÏ
1345,Réhabilitation du Marché de POISSONGUI,Forages photovoltaïques dans les marchés pour eau de boisson,Construction,Réception provisoire 100.0%,Reception provisoire,POISSONGUI,,20000000.0,,,,,2025-04-09,2025-10-09,2026-03-13,155.0,6.0,POISSONGUI 1
1369,Réhabilitation du Marché de POGNO,Forages photovoltaïques dans les marchés pour eau de boisson,Construction,Réception provisoire 100.0%,Reception provisoire,POGNO,,18000000.0,17770476.0,,,,2025-08-06,2026-01-06,2026-03-11,64.0,3.0,POGNO CENTRE
1407,Réhabiliation du Marché de Nali,Forages photovoltaïques dans les marchés pour eau de boisson,Construction,Achevé 100.0%,Acheve,NALI,,14000000.0,20470979.0,,,,2025-06-25,2025-09-25,2025-12-31,97.0,4.0,NALI CENTRE
1423,Réhabilitation du Marché de NAMARE,Forages photovoltaïques dans les marchés pour eau de boisson,Construction,Achevé 100.0%,Acheve,NAMARE,,14000000.0,14000000.0,,,,2025-12-05,2026-03-05,2025-12-31,-64.0,3.0,TCHANKOUNKOUNKONG
1443,Réhabilitation du Marché de TAMI,Forages photovoltaïques dans les marchés pour eau de boisson,Construction,En cours,En cours,TAMI,,14000000.0,24388889.0,,,,2026-01-12,2026-04-12,2025-06-28,-288.0,3.0,TAMI-CENTRE
1452,Réhabilitation du Marché de WARKAMBOU,Forages photovoltaïques dans les marchés pour eau de boisson,Construction,Achevé 100.0%,Acheve,WARKAMBOU,,14000000.0,12194444.5,,,,,,2025-12-31,,3.0,WARKAMBOU CENTRE 1
1493,Réhabilitation du marché de GALANGASHIE CENTRE,Forages photovoltaïques dans les marchés pour eau de boisson,Construction,Réception provisoire 100.0%,Reception provisoire,GALANGASHIE,,14000000.0,13055201.0,,,,2025-03-30,2025-06-30,2025-06-06,-24.0,3.0,GALANGASHIE CENTRE
1496,Construction et équipement d'un centre communautaire,Forage Photovoltaïque (Centre communautaire),Construction,Réception provisoire 100.0%,Reception provisoire,SANGOU,,,20176702.0,,,,2025-03-15,2025-06-15,2025-09-21,98.0,3.0,SANGOU CENTRE
1497,Construction et équipement d'un centre communautaire,Forage Photovoltaïque (Centre communautaire),Construction,Réception provisoire 100.0%,Reception provisoire,KOURIENTRE,,20000000.0,14729328.0,,,,2025-02-25,2025-05-24,2025-06-09,16.0,3.0,KOURIENTRE CENTRE
1498,Construction et équipement d'un centre communautaire,Forage Photovoltaïque (Centre communautaire),Construction,Réception provisoire 100.0%,Reception provisoire,KORBONGOU,,,14058845.0,,,,2025-03-06,2025-06-05,2025-07-24,49.0,3.0,KORBONGOU CENTRE
1499,Réhabilitation d'un bâtiment scolaire de 3 salles de classes+blocs latrines+bureau + Forage photovoltaïque à l'EPP GBETI,Forages photovoltaïques dans les établissements scolaires,Réhabilitation,Réception provisoire 100.0%,Reception provisoire,,,,19854208.0,849.0,839.0,,,,2025-09-02,,3.0,GBETI
1506,Réalisation d'un forage photovoltaïque pour le maraîchage,Forages photovoltaïques pour les activités maraîchères,Construction,Réception provisoire 100.0%,Reception provisoire,,100.0,20000000.0,23808394.0,2891.0,2891.0,6918.021445866482,2025-11-12,2026-02-12,2026-04-22,69.0,3.0,TAMBATE
1510,Réhabilitation du forage photovoltaïque de Kassou 1,Forages photovoltaïques dans les communautés pour eau de boisson,Réhabilitation,Achevé 100.0%,Acheve,,,12000000.0,13384174.0,398.0,398.0,30150.75376884422,2025-07-10,2025-11-10,2025-12-29,49.0,3.0,KASSOU 1
1511,Réhabilitation de la Retenues d'eau pour le maraîchage et l'abreuvement des animaux,Forages photovoltaïques pour les activités maraîchères,Réhabilitation,Réception provisoire 100.0%,Reception provisoire,,,29742500.0,19949651.0,2060.0,2385.0,12470.649895178198,2025-03-20,2025-06-20,2025-06-03,-17.0,3.0,SAFOBE 2
1512,Réalisation d'une forage photovoltaïque pour eau de boisson en communauté,Forages photovoltaïques dans les communautés pour eau de boisson,Construction,Achevé 100.0%,Acheve,,100.0,25000000.0,20785378.0,1382.0,1382.0,18089.72503617945,2025-07-28,2025-10-28,2026-02-15,110.0,3.0,SANLOAGA
1514,Construction d'un JEP à l'EPP Touléba (bâtiment scolaire)+ Réhabilitation du PMH existant en forage phovoltaïque + Clôture,Forages photovoltaïques dans les établissements scolaires,Réhabilitation,Remise de l'ouvrage à la communauté 100.0%,Remis a la communaute,,,20000000.0,15074374.0,628.0,628.0,31847.133757961783,2024-05-29,2024-08-01,2024-09-19,49.0,3.0,TOULEBA
1519,Installation de 10 lampadaires Solaires ,Forages photovoltaïques dans les communautés pour eau de boisson,Construction,Réception provisoire 100.0%,Reception provisoire,,,25000000.0,20893777.0,191.0,191.0,130890.05235602094,2025-10-27,2026-01-27,2026-02-02,6.0,3.0,PATKONE TOMONG
1522,Construction et équipement d'un bâtiment scolaire au JEP + Bloc de latrine sans forage + Réhabilitation d'un PMH en forage photovoltaïque,Forages photovoltaïques dans les établissements scolaires,Réhabilitation et construction,Réception provisoire 100.0%,Reception provisoire,,,20000000.0,13861979.0,1212.0,1272.0,15723.270440251572,2024-11-01,2025-02-01,2025-03-19,46.0,3.0,TCHANGUI
1524,Construction et équipement d’un bâtiment scolaire de 4 classes avec bureau et magasin au lycée de Sanfatoute + blocs de latrines + forages photovoltaïques,Forages photovoltaïques dans les communautés pour eau de boisson,Construction,Réception provisoire 100.0%,Reception provisoire,,,20000000.0,14176845.0,200.0,209.0,95693.77990430623,2025-03-06,2025-11-30,2026-01-01,32.0,8.0,TIDONTE CENTRE
1525,Construction d'un bâtiment scolaire de trois classes avec bureau et magasin plus un bloc de latrines à l'EPP Natchare AVEC FORAGE,Forages photovoltaïques dans les communautés pour eau de boisson,Construction,Réception provisoire 100.0%,Reception provisoire,,,30000000.0,19699260.0,510.0,540.0,55555.555555555555,2025-11-17,2026-02-17,2025-12-11,-68.0,3.0,NATCHARE
1529,Installation des lampadaires solaires ,Forages photovoltaïques dans les établissements scolaires,Construction,Réception provisoire 100.0%,Reception provisoire,,,20000000.0,19516669.0,1057.0,1057.0,18921.47587511826,2025-04-15,2025-07-15,2025-07-05,-10.0,4.0,DAKPALI 1
1538,Réalisation d'un forage photovotaïque pour eau de boisson dans le marché de Kaboli,Forages photovoltaïques dans les marchés pour eau de boisson,Construction,Réception provisoire 100.0%,Reception provisoire,KABOLI,,20000000.0,19176851.0,,,,2025-08-11,2025-12-11,2026-03-13,92.0,4.0,KABOLI
1571,Réalisation d'un forage photovoltaique AEP,Forages photovoltaïques dans les communautés pour eau de boisson,Construction,Remise de l'ouvrage à la communauté 100.0%,Remis a la communaute,,100.0,20000000.0,13803395.74,409.0,429.0,46620.04662004662,2025-12-29,2026-03-29,2026-04-02,4.0,3.0,ZOLALE
1639,Réalisation d'un forage photovoltaïque pour eau de boisson,Forages photovoltaïques dans les communautés pour eau de boisson,Construction,Réception provisoire 100.0%,Reception provisoire,,100.0,20000000.0,15340000.0,1800.0,1820.0,10989.010989010989,2026-01-19,2026-04-19,2026-05-08,19.0,3.0,EDOGA 2
1665,Realisation de forage photovoltaique pour eau de boisson,Forages photovoltaïques dans les communautés pour eau de boisson,Construction,Réception provisoire 100.0%,Reception provisoire,,,20000000.0,19145211.0,1400.0,1400.0,14285.714285714286,2025-11-26,2026-02-26,2026-03-10,12.0,3.0,DJOULE-TCHAMONGA
1673,Réalisation d'un forage photovoltaique pour eau de Boisson,Forages photovoltaïques dans les communautés pour eau de boisson,Construction,Réception technique 100.0%,Reception technique,,0.0,20000000.0,18390678.0,3843.0,4056.0,4930.966469428008,2025-11-26,2026-02-26,2026-03-30,32.0,3.0,N'GAMBI
1687,"Réalisation d'un forage photo voltaïque pour eau de boisson, dans le quartier des réfugiés (Pigniéka)",Forages photovoltaïques dans les communautés pour eau de boisson,Construction,Réception technique 100.0%,Reception technique,,100.0,20000000.0,14715799.0,3050.0,3324.0,6016.847172081829,2026-01-26,2026-04-26,2026-05-15,19.0,3.0,NASSIKOU
1692,Réalisation d'un forage photovoltaique pour eau de boisson,Forages photovoltaïques dans les communautés pour eau de boisson,Construction,Réception technique 100.0%,Reception technique,,100.0,20000000.0,15025605.0,599.0,599.0,33388.9816360601,2026-01-13,2026-04-13,2026-05-14,31.0,3.0,TIEPAH
1826,Construction d'un bâtiment  du JEP de deux classes plus clôture sans forage,Forages photovoltaïques dans les établissements scolaires,Construction,Réception technique 100.0%,Reception technique,,,20000000.0,14296252.0,,,,2026-01-26,2026-05-26,2026-03-24,-63.0,4.0,BAOULE
1827,Réhabilitation du Marché de KORBONGOU,Forages photovoltaïques dans les marchés pour eau de boisson,Construction,Achevé 100.0%,Acheve,KORBONGOU,,,,,,,2025-04-23,,2025-12-31,,6.0,KORBONGOU CENTRE
1966,Mini forage photovoltaïque pour les activité de maraichage de groupement de jeunes du Canton de SAM-NABA,Forages photovoltaïques pour les activités maraîchères,,Achevé 100.0%,Acheve,SAM-NABA,,6000000.0,6986094.0,,,,2025-07-02,2025-10-02,2025-11-24,53.0,3.0,BONDANTCHALE (SAM-NABA)
1967,Mini forage photovoltaïque pour les activité de maraichage de groupement de jeunes du Canton de SAM-NABA,Forages photovoltaïques pour les activités maraîchères,,Achevé 100.0%,Acheve,SAM-NABA,,6000000.0,6986094.0,,,,2025-07-02,2025-10-02,2025-11-24,53.0,3.0,SALAMOU
1968,Mini forage photovoltaïque pour les activité de maraichage de groupement de jeunes du Canton de SAM-NABA,Forages photovoltaïques pour les activités maraîchères,,Achevé 100.0%,Acheve,SAM-NABA,,6000000.0,6986094.0,,,,2025-07-02,2025-10-02,2025-11-24,53.0,3.0,YANGBONGBONGUE
1969,Mini forage photovoltaïque pour les activité de maraichage de groupement de jeunes du Canton de SAM-NABA,Forages photovoltaïques pour les activités maraîchères,,Achevé 100.0%,Acheve,SAM-NABA,,6000000.0,6986094.0,,,,2025-07-02,2025-10-02,2025-11-24,53.0,3.0,TINTARGUINE 2
1970,Mini forage photovoltaïque pour les activité de maraichage de groupement de jeunes du Canton de SAM-NABA,Forages photovoltaïques pour les activités maraîchères,,Achevé 100.0%,Acheve,SAM-NABA,,6000000.0,6986094.0,,,,2025-07-02,2025-10-02,2025-11-24,53.0,3.0,TINTARGUINE 1
