region,canton,total_pop,FRI,max_fsi,urban_ratio,building_count,min_rwi
Maritime,Agoè-Nyivé,358223.442808,0.4930971372315273,89.9670639038086,0.8906254469116601,118.0,0.903
Maritime,Légbassito,154480.559802,0.34328626002598667,88.6531982421875,0.6756613442865086,10.0,0.133
Maritime,Vakpossito,63267.95692700001,0.24856343264341363,83.5533676147461,0.9999999999999999,9.0,1.079
Maritime,Togblekope,179199.320921,0.41444260352557744,90.84390258789062,0.5239749455515291,40.0,-0.089
Maritime,Zanguera,218933.127634,0.3074591464425915,123.52090454101562,0.7079749559564665,3.0,0.636
Maritime,Adétikopé,52840.089426,0.22269216254564025,88.56378936767578,0.2505754300168768,2.0,-0.302
Maritime,Kévé,11043.089868000001,0.21196638258530542,148.4794921875,0.015674724130468318,61.0,-0.869
Maritime,Assahoun,9604.491806,0.1496374561497827,82.91524505615234,0.047627816240090666,3.0,-0.874
Maritime,Tovégan,10887.803902000001,0.07841933775491648,148.56466674804688,0.0,0.0,-0.786
Maritime,Ando,9495.744831,0.07114157959649467,86.33932495117188,0.0,0.0,-0.948
Maritime,Zolo,5851.743352,0.06601605109244098,84.21187591552734,0.0,0.0,-0.755
Maritime,Noépé,10367.572826000001,0.0674225542291998,85.28182983398438,0.0,0.0,-0.218
Maritime,Aképé,17313.858359,0.11179572053331653,87.44229125976562,0.015655949331953013,0.0,-0.517
Maritime,Badja,10048.043772,0.08493125608323682,148.886962890625,0.0,1.0,-0.728
Maritime,Kpétsou,13667.775344000001,0.08726239604091546,150.19085693359375,0.0,1.0,-0.548
Maritime,Afagnan-Gbléta,31249.042978,0.12358494460010137,87.85240173339844,0.0179105641381166,0.0,-0.484
Maritime,Afagnangan,17676.188806000002,0.2814943944922352,151.15994262695312,0.08089813641213767,66.0,-0.696
Maritime,Attitogon,28876.104163000004,0.0812563022560387,90.95337677001953,0.0,0.0,-0.501
Maritime,Hompou,7918.705695000001,0.06780014129014465,92.13871765136719,0.0,0.0,-0.456
Maritime,Agome-Glozou,11154.366591,0.09777326439782358,157.2406463623047,0.0,6.0,-0.15
Maritime,Agbétiko,3153.961779,0.06248303635062528,152.39743041992188,0.0,0.0,-0.688
Maritime,Bè-Est,294407.968876,0.6450010496350246,157.71360778808594,0.5971096252854601,227.0,-0.202
Maritime,Bè-Centre,120144.196629,0.3007857132445131,91.39006042480469,0.9538603648428359,23.0,1.138
Maritime,Bè-Ouest,129338.199144,0.4931244100886525,156.6208953857422,0.8476258263362735,207.0,0.924
Maritime,Amoutivé,112333.122491,0.21474069954852434,156.25021362304688,0.9753889102240603,99.0,1.338
Maritime,Aflao-Gakli,195975.557062,0.3558615399746841,89.45537567138672,1.0000000000000007,45.0,1.141
Maritime,Baguida,226051.461143,0.6338997276903717,155.57249450683594,0.7159778324969006,213.0,-0.253
Maritime,Aflao-Sagbado,429551.976791,0.5363070271574523,88.56378936767578,0.8943122265236523,53.0,-0.155
Maritime,Aného,8319.615616000001,0.11174799324551958,157.71360778808594,0.0,36.0,0.147
Maritime,Glidji,21192.19384,0.08928454099326892,157.71360778808594,0.0,1.0,-0.21
Maritime,Canton D’Aneho,7370.631735,0.05736777405111123,157.71360778808594,0.0,12.0,1.253
Maritime,Aklakou,16023.308526,0.12809816331714366,157.2406463623047,0.0,21.0,-0.662
Maritime,Agouégan,10249.348956,0.07577497007899954,152.5870361328125,0.0,0.0,-0.526
Maritime,Agbodrafo,89404.008475,0.49207349082298196,157.71360778808594,0.334141700735183,186.0,-0.31
Maritime,Anfoin,11592.037759,0.07335765389184802,152.21829223632812,0.0,0.0,0.147
Maritime,Fiata,21109.450521,0.08385405217716504,156.6208953857422,0.0,0.0,-0.343
Maritime,Ganavé,13326.048686,0.07883543587835735,156.94908142089844,0.0,0.0,-0.404
Maritime,Vogan,58675.742912,0.24144304608030634,157.71360778808594,0.03898595998550513,13.0,-0.439
Maritime,Vo-Koutimé,17235.135028,0.07552516583013105,92.39837646484375,0.0,0.0,-0.456
Maritime,Togoville,22257.389248,0.12052462137294964,157.71360778808594,0.0,14.0,-0.322
Maritime,Anyron-Kopé,8283.121792,0.08423629410296238,157.71360778808594,0.0,2.0,-0.594
Maritime,Dagbati,26317.452928000002,0.08746017833982817,148.51626586914062,0.0,0.0,-0.725
Maritime,Dzrékpo,16098.905780000001,0.09080952168892195,87.95797729492188,0.0,4.0,-0.275
Maritime,Mome-Hounkpati,6907.74592,0.06519763351546173,91.07096099853516,0.0,0.0,-0.296
Maritime,Sévagan,9634.455732,0.11167812802169642,157.71360778808594,0.0,18.0,-0.188
Maritime,Hahotoé,13187.825217000001,0.18574693119704924,150.69110107421875,0.09482260023996514,4.0,-0.475
Maritime,Akoumapé,16659.454464000002,0.103887579319285,154.20314025878906,0.0,5.0,-0.471
Maritime,Tabligbo,39263.419327999996,0.254562141100179,92.42646789550781,0.11319183169825972,21.0,-0.371
Maritime,Amoussimé,13435.210496,0.0724730344021067,91.0903091430664,0.0,0.0,-0.536
Maritime,Kouvé,17162.37982,0.21045706552803212,90.25726318359375,0.0,1023.0,-0.904
Maritime,Kini-Kondji,6192.610048,0.07154822868472492,157.2406463623047,0.0,0.0,-0.554
Maritime,Tchékpo,16090.519551999998,0.07621360960744904,84.66444396972656,0.0,0.0,-1.01
Maritime,Ahépé,12716.550399999998,0.0758939696989098,82.88844299316406,0.0,1.0,-0.453
Maritime,Zafi,12272.711888999998,0.07292832297317084,88.32516479492188,0.0,0.0,-0.708
Maritime,Gboto,13883.2064,0.07219509263261147,86.43934631347656,0.0,0.0,-0.691
Maritime,Tométy-Kondji,5378.8307939999995,0.0697389567716938,151.92446899414062,0.0,0.0,-0.551
Maritime,Sendome,7528.845348999999,0.0743426936326593,152.39743041992188,0.0,0.0,-0.622
Maritime,Essé-Godjin,11335.089533999999,0.11377699761486522,152.39743041992188,0.0,12.0,-0.803
Maritime,Tokpli,14721.148223999999,0.1200441026813082,151.92446899414062,0.0,18.0,-0.453
Maritime,Tsévié,37729.040916,0.3866936805521157,88.30238342285156,0.1374738775546814,303.0,-0.505
Maritime,Davié,28583.883547,0.246001100998334,87.73065948486328,0.09163388311817411,27.0,-0.514
Maritime,Gblainvié,6031.635099,0.07305879648365068,148.50376892089844,0.0,0.0,-0.826
Maritime,Abobo,32764.208586,0.2638163542295847,156.25021362304688,0.08088970628112378,20.0,-0.715
Maritime,Djagblé,22871.121645,0.32354597291950304,148.20352172851562,0.6317846937862346,26.0,0.013
Maritime,Kpomé,11851.60549,0.10138462524064328,151.63290405273438,0.0,7.0,-0.18
Maritime,Dalavé,24395.010801,0.21194754158122667,125.81331634521484,0.017210027079362516,38.0,-0.461
Maritime,Gbatopé,17898.923668,0.09163910686267604,85.989501953125,0.0,3.0,-0.624
Maritime,Mission-Tové,25356.390537,0.2021322540371957,86.14602661132812,0.02953742662358891,28.0,-0.24
Maritime,Kovié,15884.060914,0.09147573623819305,84.73297119140625,0.0,3.0,-0.799
Maritime,Wli,3653.754369,0.06086096239774752,86.14602661132812,0.0,0.0,-0.667
Maritime,Bolou,6082.772319,0.06563511892263303,84.66444396972656,0.0,0.0,-0.604
Maritime,Gamé,11963.094427,0.08039335087654949,149.26828002929688,0.0,0.0,-0.796
Maritime,Agbélouvé,26251.331589,0.09030672290164726,147.3974151611328,0.0,0.0,-0.908
Maritime,Gapé-Centre,19731.043952,0.08629110491159186,148.86080932617188,0.0,0.0,-0.849
Maritime,Gapé-Kpodji,1963.6692480000002,0.05629757836269759,87.29509735107422,0.0,0.0,-0.777
Plateaux,Kati,2832.997526,0.05997199367410224,83.6141128540039,0.0,0.0,-0.691
Plateaux,Agou-Nyogbo-Agbétiko,3358.041634,0.06142126445953065,83.52679443359375,0.0,0.0,-0.853
Plateaux,Agou-Akplolo,1579.783923,0.054428643127175366,84.29131317138672,0.0,0.0,-0.555
Plateaux,Agou-Iboé,1853.286566,0.055402050366673075,83.52679443359375,0.0,0.0,-0.711
Plateaux,Agou-Nyogbo-Dzidjole,1579.783923,0.011245905507000525,12.828466415405273,0.0,1.0,0.0
Plateaux,Agou-Kébo,2988.118428,0.040772794747063364,16.59954071044922,0.0,1.0,-0.539
Plateaux,Agou-Tavié,9870.587922,0.05100315145310413,15.446853637695312,0.0,9.0,0.612
Plateaux,Agou-Atigbé,2204.34966,0.05478072109938878,81.84199523925781,0.0,0.0,-0.644
Plateaux,Gadja,16785.714448,0.08284577873863197,147.1544952392578,0.0,0.0,-0.749
Plateaux,Assahoun-Fiagbé,2547.248496,0.05724090246033366,81.4942398071289,0.0,0.0,-0.542
Plateaux,Klonou,1836.402711,0.051906716585161244,79.8974380493164,0.0,0.0,-0.432
Plateaux,Amoussou-Kopé,10312.239164,0.0779274290389427,146.8583526611328,0.0,0.0,-0.881
Plateaux,Agotimé-Sud (Adzakpa),5662.664228000001,0.07391498383309988,147.19216918945312,0.0,0.0,-1.293
Plateaux,Agotimé-Nord,10548.221336,0.10340361168716485,149.79385375976562,0.0,6.0,-0.86
Plateaux,Djon,12660.18081,0.06969070936232007,79.73091888427734,0.0,0.0,-0.681
Plateaux,Veh,4900.281088000001,0.03768692915877355,15.623586654663086,0.0,0.0,-0.809
Plateaux,Kougnohou,12149.201621,0.06853627782447992,77.78756713867188,0.0,0.0,-0.511
Plateaux,Gbendè,3114.00544,0.056407310860452226,78.57782745361328,0.0,0.0,-0.791
Plateaux,Yalla,3312.480512,0.036004083784392085,16.229267120361328,0.0,0.0,-0.535
Plateaux,Sérégbénè,8324.644187,0.06460255721295725,79.54129791259766,0.0,0.0,-0.639
Plateaux,Kpalavé,7665.24416,0.06579630054890105,81.87489318847656,0.0,0.0,-0.765
Plateaux,Kamina-Akébou,11450.65701,0.11623489232452827,85.93804168701172,0.0,45.0,-0.776
Plateaux,Djemegni,36576.906716,0.0868976153671787,91.07096099853516,0.0,0.0,-0.813
Plateaux,Adiva,2336.723379,0.057180066478038326,81.43409729003906,0.0,0.0,-0.708
Plateaux,Imlè-Adiva,10041.092236999999,0.071100957849045,85.93804168701172,0.0,0.0,-0.714
Plateaux,Amlamé (Ouma),18899.756923999998,0.0750864489808197,80.60755920410156,0.0,0.0,-0.468
Plateaux,Kpatégan,17720.923296,0.07935730883240856,90.81365966796875,0.0,0.0,-1.047
Plateaux,Ekpégnon,7245.19035,0.0662528021990418,81.92353820800781,0.0,0.0,-0.514
Plateaux,Amou-Oblo,22608.108086,0.10248944072162426,81.7748031616211,0.0,6.0,-0.582
Plateaux,Sodo,8532.693758,0.06749722734582961,79.6336898803711,0.0,0.0,-0.579
Plateaux,Gamé,5518.620946,0.0652040915963295,88.84271240234375,0.0,0.0,-0.726
Plateaux,Otadi,7676.978117,0.06586623537742643,81.80941009521484,0.0,0.0,-0.693
Plateaux,Hihéatro,9315.264642,0.1005908500522796,81.36557006835938,0.0,15.0,-0.647
Plateaux,Okpahoé,2465.47937,0.05502426567655527,78.32300567626953,0.0,0.0,-0.602
Plateaux,Evou,5187.638784,0.06539766718910811,82.4784164428711,0.0,0.0,-0.879
Plateaux,Témédja,3194.991074,0.06055740809725265,88.26507568359375,0.0,0.0,-0.687
Plateaux,Avédjè,4411.445912,0.07800545742663173,88.53561401367188,0.0,3.0,-0.742
Plateaux,Pallakoko,17826.338416000002,0.07708761222005658,88.42942810058594,0.0,0.0,-0.983
Plateaux,Anié,95578.611722,0.28209952572314817,157.71360778808594,0.03310520423114782,23.0,-0.816
Plateaux,Kolo-Kopé,19721.753754,0.19808492287127416,153.67974853515625,0.0,407.0,-0.848
Plateaux,Adogbénou,26944.192379,0.08284278993699379,85.06275177001953,0.0,0.0,-0.942
Plateaux,Atchinédji,10756.005673,0.0789154783154618,157.71360778808594,0.0,0.0,-0.85
Plateaux,Glitto,34872.058971,0.10443136004486281,157.71360778808594,0.0,1.0,-0.918
Plateaux,Danyi-Atigba,15155.070330999999,0.09588909270305729,79.43477630615234,0.0,6.0,-0.51
Plateaux,Yikpa,1162.074347,0.03227230064970756,15.150625228881836,0.0,0.0,-0.452
Plateaux,Danyi-Kakpa,3274.931508,0.05775581079052935,76.24308776855469,0.0,0.0,-0.77
Plateaux,Danyi-Kpeto-Evita,6526.8629679999995,0.0805758296814765,78.64682006835938,0.0,4.0,-0.583
Plateaux,Danyi-Elavagnon,7346.001979,0.064393674174641,78.02587127685547,0.0,0.0,-0.756
Plateaux,Ahlon,3053.399112,0.05673293247021302,76.40667724609375,0.0,0.0,-0.435
Plateaux,Elavagnon,53404.074907,0.19783470099529202,90.40618896484375,0.0,222.0,-0.858
Plateaux,Gbadjahè,13929.303658,0.15194283225162797,151.26197814941406,0.0,76.0,-0.794
Plateaux,Morétan,59393.318924,0.10187135187658801,144.5506591796875,0.0,0.0,-1.052
Plateaux,Badin-Copé,22368.261708,0.08755453820966552,144.07395935058594,0.0,0.0,-0.884
Plateaux,Kamina,15178.453688,0.0829451215948839,147.4861602783203,0.0,0.0,-0.892
Plateaux,Kpéssi,10165.333509,0.07726181760370705,148.54681396484375,0.0,0.0,-0.725
Plateaux,Nyamassila,16481.692365,0.10995096847868442,86.7798080444336,0.0,11.0,-0.809
Plateaux,Notsé,73732.515104,0.23284450607982204,151.68605041503906,0.025998130592382544,9.0,-0.906
Plateaux,Dalia,28191.079546,0.11826723531506896,88.67254638671875,0.0,10.0,-0.937
Plateaux,Atchavé,20226.214218,0.10222796319755842,86.99099731445312,0.0,5.0,-0.788
Plateaux,Asrama,48745.852066,0.11979247712558645,157.2406463623047,0.0,3.0,-0.787
Plateaux,Kpédomé,50776.016466,0.16578503575452574,157.71360778808594,0.002847329510610541,8.0,-0.927
Plateaux,Kpegnon (Haito),15232.345585000001,0.10063913258595102,86.7798080444336,0.0,6.0,-0.917
Plateaux,Wahala,45121.113775,0.16539548574364726,151.26197814941406,0.0,37.0,-1.078
Plateaux,Tové,11399.252305,0.0722415599150464,79.56925201416016,0.00021698221133975947,0.0,-0.594
Plateaux,Agome-Kpalime,91933.23852,0.40891379968337294,78.69180297851562,0.45546686832193806,209.0,0.596
Plateaux,Yokélé,7784.196287000001,0.08893409239931502,80.94175720214844,0.005609830291613173,0.0,-0.725
Plateaux,Tomé,5752.222206,0.06306041985488599,82.76820373535156,0.0,0.0,-0.634
Plateaux,Kpadapé,7637.625256,0.08525355390728438,78.15660858154297,0.0,7.0,-0.733
Plateaux,Womé,5973.0141,0.06877815390239382,77.4021987915039,0.0,1.0,-1.264
Plateaux,Gbalabé,3104.84124,0.05304216464416353,81.84275817871094,0.0,0.0,-0.258
Plateaux,Hanyigba,5002.51248,0.059160119778155607,76.918212890625,0.0,0.0,-0.388
Plateaux,Lavié,3665.581395,0.07602376261882716,80.40229797363281,0.0,5.0,-0.592
Plateaux,Lavié-Apédomé,3056.5544400000003,0.07863893335792614,85.66124725341797,0.0,6.0,-0.63
Plateaux,Kpimé,5920.15125,0.15443376006049347,145.8684539794922,0.0,278.0,-0.424
Plateaux,Agomé-Yoh,2786.14836,0.05267107211718522,80.73048400878906,0.0,0.0,0.039
Plateaux,Agomé-Tomégbé,3496.05796,0.03473949562339454,14.953729629516602,0.0,0.0,-0.36
Plateaux,Kouma,10053.68632,0.05534924693511861,14.00812816619873,0.0,7.0,-0.735
Plateaux,Kpélé-Govié,11038.306625000001,0.09175204053118426,147.7823028564453,0.0,2.0,-0.683
Plateaux,Kpélé-Novivé,29004.495967000003,0.08278278149582753,84.57323455810547,0.0,0.0,-0.925
Plateaux,Kpélé-Akata,5662.813675,0.06612293577006127,84.06465148925781,0.0,0.0,-0.843
Plateaux,Kpélé-Dawlotou,13154.682756,0.07519199473233705,90.25726318359375,0.0,0.0,-0.786
Plateaux,Kpélé-Nord,10294.197499000002,0.07595440408948807,144.45828247070312,0.0,0.0,-0.616
Plateaux,Kpélé-Dutoé,4487.601402,0.05988902645856569,79.2884292602539,0.0,0.0,-0.261
Plateaux,Kpélé-Kamé,9449.659212,0.06831826261759355,80.58971405029297,0.0,0.0,-0.495
Plateaux,Kpélé-Gbalédzé,3793.3026000000004,0.059288270620064414,78.73518371582031,0.0,0.0,-0.485
Plateaux,Kpélé-Centre,8063.4284640000005,0.09232180800523015,81.90419006347656,0.0,8.0,-0.618
Plateaux,Tohoun,18406.362560999998,0.08387689201578151,155.29583740234375,0.0,0.0,-0.797
Plateaux,Tado,20067.795062,0.17796966080944704,155.29583740234375,0.0,191.0,-0.867
Plateaux,Ahassomè,6345.096891,0.07321418325708715,157.71360778808594,0.0,0.0,-0.833
Plateaux,Katomé,8271.114554,0.06781979220354468,86.01528930664062,0.0,0.0,-0.796
Plateaux,Kpékplémé,20879.864094,0.15692578948236222,87.84256744384766,0.0,120.0,-0.889
Plateaux,Saligbé,14594.665427,0.13149348545442852,150.16928100585938,0.0,27.0,-0.823
Plateaux,Houdou,14667.223809000001,0.08202949017975282,153.67974853515625,0.0,0.0,-0.698
Plateaux,Djama,26605.779159,0.26131286180877966,157.71360778808594,0.04553580197599492,35.0,-0.867
Plateaux,Gnagna,13259.111084,0.27473117633471084,84.89617919921875,0.12307195783878015,91.0,-0.581
Plateaux,Katoré,11758.93238,0.07887926034933226,153.67974853515625,0.0,0.0,-0.721
Plateaux,Datcha,20923.8497,0.12098417461009442,87.20386505126953,0.0,21.0,-0.634
Plateaux,Akparé,15744.85796,0.08575018906137223,157.71360778808594,0.0,0.0,-1.083
Plateaux,Gléi,59482.574408,0.16312420487887588,157.71360778808594,0.008648134544742758,2.0,-0.738
Plateaux,Ountivou,42841.9212,0.1547083657313008,157.71360778808594,0.0,28.0,-1.026
Plateaux,Kpété-Béna,10441.35954,0.061103141313842084,78.30459594726562,0.0,0.0,-0.691
Plateaux,Tomégbé,8189.3016,0.0585828417415417,78.19351959228516,0.0,0.0,-0.778
Plateaux,Badou,20037.284469,0.06463434243931232,77.56816864013672,0.0,0.0,-0.585
Plateaux,Késsibo,8563.780886999999,0.060702574865437224,76.99199676513672,0.0,0.0,-0.605
Plateaux,Gbadi-N'kougna,6187.278221,0.0882078698737663,78.36701965332031,0.0,16.0,-0.725
Plateaux,Ekéto,8167.827566999999,0.06563080804228517,78.36701965332031,0.0,0.0,-0.791
Plateaux,Gobé,1916.5240549999999,0.028208434281204668,13.392861366271973,0.0,0.0,-0.486
Plateaux,Klabé-Efoukpa,15487.485298,0.07090210844747785,80.98175811767578,0.0,0.0,-0.719
Plateaux,Ounabé,5400.944773,0.03684453908839603,14.05369758605957,0.0,0.0,-0.453
Plateaux,Okou,9166.142149,0.06621749291871075,78.51517486572266,0.0,0.0,-0.727
Plateaux,Doumé,5260.488875,0.03876467229126046,15.59783935546875,0.0,0.0,-0.817
Centrale,Pagala-Gare,15610.030044,0.1135147288064978,83.76850891113281,0.0,20.0,-0.87
Centrale,Waragni,2978.43039,0.05840919640281945,80.62175750732422,0.0,0.0,-0.752
Centrale,Blitta-Village,77399.003289,0.1584684329099258,78.76758575439453,0.0,43.0,-0.805
Centrale,Blitta,98865.623566,0.1290804491974279,81.56193542480469,0.0,6.0,-0.835
Centrale,Yaloumbè,4472.736919,0.06290853358191624,80.72606658935547,0.0,0.0,-0.74
Centrale,Tchaloudè,6142.581077,0.06597784042565713,83.76850891113281,0.0,0.0,-0.688
Centrale,Doufouli,1751.418896,0.0570844945671546,82.37017822265625,0.0,0.0,-1.067
Centrale,Tcharè-Baou,7946.990846,0.07410134337461052,82.1636734008789,0.0,1.0,-0.657
Centrale,Koffiti,5804.60404,0.06695247894081967,82.60317993164062,0.0,0.0,-0.999
Centrale,Langabou,10845.751708,0.07916304340372357,148.54681396484375,0.0,0.0,-0.812
Centrale,Agbandi,5933.513762,0.07283061829575006,148.25067138671875,0.0,0.0,-1.05
Centrale,Tintchro,1570.676539,0.046382334713588796,79.89714050292969,0.0,0.0,-0.835
Centrale,Welly,7245.12017,0.06411055245716368,87.037841796875,0.0,0.0,-0.842
Centrale,Pagala-Village,2125.631945,0.0980103208061624,83.82452392578125,0.0,55.0,-0.784
Centrale,Tchifama,3008.9783939999998,0.07087468495829667,77.51309204101562,0.0,6.0,-0.638
Centrale,Atchintsè,2949.175123,0.049947890601963155,79.65420532226562,0.0,0.0,-0.569
Centrale,Diguengué,837.524443,0.03164054603994405,75.97471618652344,0.0,0.0,-0.605
Centrale,Yégué,1160.824152,0.02055455055033341,13.960480690002441,0.0,0.0,-0.503
Centrale,Dikpéléou,997.9014639999999,0.007431161390634229,12.254157066345215,0.0,0.0,-0.268
Centrale,Katchenkè,1407.753851,0.045814962592401094,78.24955749511719,0.0,0.0,-0.713
Centrale,M'Poti,3439.196117,0.05736196269129075,86.66368865966797,0.0,0.0,-0.638
Centrale,Kagnigbara,203.65336,0.04656372487592584,86.0761947631836,0.0,0.0,-0.587
Centrale,Boulohou,1255.013831,0.05386633421207991,85.39888763427734,0.0,0.0,-0.503
Centrale,Djarkpanga,2639.868328,0.05840834788140213,84.98348999023438,0.0,0.0,-0.838
Centrale,Saïboudè,2357.287642,0.05785805239085235,86.00789642333984,0.0,0.0,-0.625
Centrale,Tindjasse,2560.941002,0.06965545922765236,150.55836486816406,0.0,1.0,-0.811
Centrale,Tabindè,5424.6438259999995,0.07162944263928496,145.39089965820312,0.0,0.0,-0.8
Centrale,Sotouboua,22142.211565999998,0.14316028197337458,82.73856353759766,0.014563607892331434,3.0,-0.841
Centrale,Kaniamboua,1886.339247,0.11360974170018612,80.90870666503906,0.0,132.0,-0.885
Centrale,Séssaro,8780.183627999999,0.07075721974458465,84.22014617919922,0.0,0.0,-1.003
Centrale,Tittigbe,6432.900509,0.06620599959574323,83.57160949707031,0.0,0.0,-0.736
Centrale,Aouda,12398.803382,0.0943331062220863,83.57160949707031,0.0,5.0,-0.792
Centrale,Adjengré,13716.053796,0.10410638670462617,145.39089965820312,0.0,5.0,-0.755
Centrale,Fazao,17.222059,0.040887170841297185,83.57160949707031,0.0,0.0,0.0
Centrale,Kazaboua,5480.986876,0.06495144791989767,83.57160949707031,0.0,0.0,-0.747
Centrale,Bodjondè,1802.332236,0.062298128950825,146.48165893554688,0.0,0.0,-0.84
Centrale,Tchébébé,11434.202398,0.08499440599357586,81.36503601074219,0.0,2.0,-0.968
Centrale,Affem,12120.848194,0.07220036150479604,80.55724334716797,0.0,0.0,-0.797
Centrale,Alibi I,8947.997002,0.09318396713219963,83.57160949707031,0.0,7.0,-0.743
Centrale,Larini,19577.93677,0.242095591848631,83.46288299560547,0.016358375502299963,158.0,-1.008
Centrale,Kri-Kri,5475.045428,0.0647110052007914,81.57875061035156,0.0,0.0,-0.905
Centrale,Tchamba,51412.713723,0.2408882202204571,82.62983703613281,0.019241521264434402,50.0,-0.935
Centrale,Bago,27878.590835000003,0.08267221960789443,83.57160949707031,0.0,0.0,-0.904
Centrale,Koussountou,24763.546913000002,0.08074694899684193,83.57160949707031,0.0,0.0,-0.796
Centrale,Balanka,9922.117982,0.08776862347742136,81.30241394042969,0.0,7.0,-0.704
Centrale,Goubi,14792.722882,0.15608841649127356,82.4789047241211,0.0,198.0,-0.964
Centrale,Kaboli,33900.633549,0.09316663475903039,83.57160949707031,0.0,2.0,-0.879
Centrale,Tchalo,9271.720873,0.09151013025716914,83.46288299560547,0.0,6.0,-0.702
Centrale,Kadambara,16801.177174,0.10810654851910383,83.57160949707031,0.0028089126214598257,2.0,-0.873
Centrale,Kparataou,13737.243618,0.15287458245586755,147.2892608642578,0.0,85.0,-0.778
Centrale,Sokodè (Komah),85029.152294,0.37593565508887217,81.80297088623047,0.19362323149044225,76.0,-0.794
Centrale,Kpangalam,41461.932723,0.2130495112023384,82.80709075927734,0.05460157254048587,10.0,-0.719
Centrale,Lama-Tessi,22808.645453,0.08005245138870161,84.11141967773438,0.0,0.0,-0.826
Centrale,Kéméni,2322.3205679999996,0.05807378370574844,81.35133361816406,0.0,0.0,-0.752
Centrale,Aléhéridè,5580.463766,0.07138775706445039,148.14195251464844,0.0,0.0,-0.913
Centrale,Kolina,4013.203054,0.06786330819422812,81.43049621582031,0.0,1.0,-0.674
Centrale,Amaïde,3632.559673,0.0751198156929064,83.65978240966797,0.0,3.0,-0.828
Centrale,Wassarabo,2406.042112,0.056260744523031765,78.91783142089844,0.0,0.0,-0.933
Centrale,Kpassaouade,3560.7969350000003,0.061040408253214044,81.1848373413086,0.0,0.0,-0.811
Centrale,Agouloudè,12362.118122,0.07242294282226434,81.57875061035156,0.0,0.0,-0.745
Kara,Dako (Daoude),11084.88259,0.0696083087516142,81.7562026977539,0.0,0.0,-0.608
Kara,Bouladè,13207.208385999998,0.07290211195933494,80.78813171386719,0.0,0.0,-0.813
Kara,Bafilo,42954.934418,0.17155542907244675,82.86322021484375,0.04573033373801801,2.0,-0.663
Kara,Alédjo,15079.118251999998,0.12232918375382174,144.43252563476562,0.0,17.0,-0.65
Kara,Koumondè,7096.055648,0.0353563187462862,13.36081600189209,0.0,0.0,-0.027
Kara,Soudou,32505.294295999996,0.10807282422328564,83.19140625,0.0,5.0,-0.845
Kara,Baghan,2175.808166,0.09631159779304745,146.8404998779297,0.0,21.0,-0.453
Kara,Bassar,45754.087907,0.2867472626170452,145.08290100097656,0.004162470463711024,412.0,-0.816
Kara,Kalanga,6009.831366,0.12179955170999728,84.71318817138672,0.0,73.0,-0.714
Kara,Dimori,11032.401758,0.15015709822618184,86.3723373413086,0.0,173.0,-0.785
Kara,Bitchabe,6206.325055,0.13402610770172604,84.6386947631836,0.0,141.0,-0.751
Kara,Bangeli,14879.06771,0.09621517607834276,84.71318817138672,0.0,6.0,-0.696
Kara,Manga,5788.695273,0.11731810413676605,83.91573333740234,0.0,67.0,-0.606
Kara,Kabou,29360.079560000002,0.18634973299750263,149.39305114746094,0.0,151.0,-0.892
Kara,Sanda-Afohou,4528.939905,0.08344860683857422,87.00579833984375,0.0,6.0,-0.688
Kara,Sanda-Kagbanda,7078.5653330000005,0.09883169674640761,145.99266052246094,0.0,7.0,-0.725
Kara,Solla,9581.901087,0.0668354912727135,83.19140625,0.0,0.0,-0.654
Kara,Pessaré,5023.636809,0.06399174411878189,83.76165008544922,0.0,0.0,-0.719
Kara,Boufalé,3963.105865,0.06139908704573305,82.8514633178711,0.0,0.0,-0.497
Kara,Pitikita,3738.8904199999997,0.06006384891761034,81.8288803100586,0.0,0.0,-0.503
Kara,Lama-Dessi,7138.663812,0.06712644054911152,85.31968688964844,0.0,0.0,-0.598
Kara,Pagouda,16463.050477,0.08275879046077705,146.47055053710938,0.0,0.0,-0.654
Kara,Sirka,8384.935789,0.10668654575736576,83.54733276367188,0.0,23.0,-0.671
Kara,Kétao,14046.64716,0.07232753426924222,84.22698211669922,0.0,0.0,-0.596
Kara,Kémérida,5699.819119,0.06312776105114662,80.19223022460938,0.0,0.0,-0.573
Kara,Naompoch,12702.092056000001,0.11413936699690165,150.55836486816406,0.0,11.0,-0.757
Kara,Katchamba,9917.82956,0.07791805793259152,154.88836669921875,0.0,0.0,-0.664
Kara,Guérin-Kouka,52457.893216000004,0.18904766562789593,146.78729248046875,0.0,103.0,-0.67
Kara,Koulféikou,16261.265483000001,0.0848765512146279,154.88836669921875,0.0,0.0,-0.907
Kara,Namon,8472.5454,0.08798948289252426,85.60781860351562,0.0,4.0,-0.876
Kara,Natchiboré,14028.482424,0.10220318806009727,150.55836486816406,0.0,4.0,-0.73
Kara,Natchitikpi,8205.531848,0.11016896093442625,84.98348999023438,0.0,24.0,-0.846
Kara,Koutchitchéou,8613.578546,0.14609296781408174,86.0761947631836,0.0,199.0,-0.592
Kara,Nawaré,21207.03788,0.1336795719248095,86.3723373413086,0.0,41.0,-0.618
Kara,Bapuré,24311.870713,0.16826064881348998,86.7798080444336,0.0,174.0,-0.748
Kara,Nandouta,20903.453413,0.08673926925479393,154.8228759765625,0.0,0.0,-0.741
Kara,Kidjabou,29833.62956,0.187227866083604,154.1192626953125,0.0,147.0,-0.852
Kara,Siou,10670.109294,0.07088497587133843,83.78764343261719,0.0,0.0,-0.658
Kara,Agbandè-Yaka,4911.383646,0.06474697635609473,84.61834716796875,0.0,0.0,-0.928
Kara,Niamtougou,16105.993911,0.13721766058088394,83.74313354492188,0.0,67.0,-0.719
Kara,Ténéga,4171.269717,0.060857470209933394,79.93083190917969,0.0,0.0,-0.595
Kara,Baga,7698.423546,0.06769029813854457,79.72818756103516,0.0,0.0,-0.757
Kara,Pouda,3035.160848,0.05853621211492284,79.99628448486328,0.0,0.0,-0.622
Kara,Massédéna,3132.061008,0.059050098831040385,81.39230346679688,0.0,0.0,-0.779
Kara,Koka,4422.103308,0.09148198103373623,84.22698211669922,0.0,16.0,-0.328
Kara,Léon,1669.127229,0.06229141273477167,150.85450744628906,0.0,0.0,-0.849
Kara,Alloum,4205.333538,0.0696961978147816,150.85450744628906,0.0,0.0,-0.808
Kara,Kadjalla,3555.444486,0.0678240736424997,150.85450744628906,0.0,0.0,-0.78
Kara,Tchoré,919.311405,0.05273743295766027,85.79005432128906,0.0,0.0,-0.716
Kara,Défalé,7783.778738,0.06775511328262623,84.06465148925781,0.0,0.0,-0.645
Kara,Kpaha,1743.448293,0.05534344471154214,82.28236389160156,0.0,0.0,-0.62
Kara,Kantè,27944.432839,0.08998666848351486,150.85450744628906,0.0,0.0,-0.831
Kara,Pessidè,15573.042364,0.08361997201193826,150.55836486816406,0.0,0.0,-0.838
Kara,Akpontè,5759.683098,0.0729129646908354,148.00437927246094,0.0,0.0,-0.981
Kara,Hélota,12947.449566000001,0.08896325109483634,150.55836486816406,0.0,1.0,-0.708
Kara,Ossacré,10088.357398,0.07077502087674604,86.0761947631836,0.0,0.0,-0.586
Kara,Ataloté,10200.393674,0.07906034872399219,150.85450744628906,0.0,0.0,-0.859
Kara,Nadoba,21353.095694000003,0.09481250313891115,86.0761947631836,0.0,3.0,-0.539
Kara,Warengo,8855.958362000001,0.08902263251970517,82.95365905761719,0.0,5.0,-0.739
Kara,Koutougou,4674.968244000001,0.06324595501873038,81.72167205810547,0.0,0.0,-0.847
Kara,Landa,9830.5197,0.06874963090475697,84.03545379638672,0.0,0.0,-0.534
Kara,Soumdina,6961.230600000001,0.06572393509574234,85.49884033203125,0.0,0.0,-0.531
Kara,Lassa,16926.505,0.0998195892641064,81.58475494384766,0.007024096880145353,0.0,-0.472
Kara,Kara,94804.8615,0.44149102154400377,150.27935791015625,0.25261159549502576,86.0,-0.584
Kara,Kouméa,10651.738507,0.07134066120413968,83.11311340332031,0.0,0.0,-0.763
Kara,Tcharè,3815.8587,0.06609458065233086,151.26333618164062,0.0,0.0,-0.543
Kara,Pya,16104.830000000002,0.07953924025802042,151.26333618164062,0.0,0.0,-0.224
Kara,Tchitchao,8870.8033,0.07625724816843764,149.9105987548828,0.0,0.0,-0.767
Kara,Bohou,12607.781200000001,0.0696718419263815,82.53034973144531,0.0,0.0,-0.183
Kara,Sara-Kawa,4429.255451,0.06868047794950971,150.85450744628906,0.0,0.0,-0.634
Kara,Yadè,7549.5499,0.06697292154861524,83.71615600585938,0.0,0.0,-0.565
Kara,Awandjélo,12525.351144,0.07130601695396044,82.49445343017578,0.0,0.0,-0.49
Kara,Kpinzindè,11623.558266,0.0724180795052145,82.97080993652344,0.0,0.0,-0.781
Kara,Djamdè,3231.623618,0.06661643133048398,150.8990936279297,0.0,0.0,-0.743
Kara,Atchangbadè,18904.849326,0.09037389639886349,86.49958801269531,0.0,2.0,-0.654
Savanes,Gouloungoussi,4300.628436,0.06152353732469032,84.47212219238281,0.0,0.0,-0.524
Savanes,Noaga,1351.872147,0.054625803241745804,84.47212219238281,0.0,0.0,-0.774
Savanes,Boadé,46270.254552,0.19562829290221415,147.86158752441406,0.16124403993982458,0.0,-0.554
Savanes,Biankouri,15559.899867999999,0.07192656944218638,82.90264892578125,0.0,0.0,-0.33
Savanes,Nadjoundi,10168.010763999999,0.07020184413424775,84.8088607788086,0.0,0.0,-0.564
Savanes,Timbou,16092.887444,0.08334983585823232,84.74877166748047,0.0,1.0,-0.735
Savanes,Sam-Naba,9367.473667,0.07634589956315013,83.70760345458984,0.0,1.0,-0.567
Savanes,Tambigou,4299.376432,0.14256008360031025,157.71360778808594,0.0,157.0,-0.597
Savanes,Koundjoaré,17254.4925,0.10923738545553606,89.19757080078125,0.0,11.0,-0.871
Savanes,Mandouri,18144.133,0.19156734783243143,157.71360778808594,0.0,281.0,-0.845
Savanes,Borgou,22484.672,0.19068460372877277,152.21829223632812,0.0,233.0,-0.758
Savanes,Naki-Est,26579.808100000002,0.10009718728011112,87.4283447265625,0.0,3.0,-0.804
Savanes,Nayéga,6958.462,0.06632497482381433,84.35614013671875,0.0,0.0,-0.488
Savanes,Ogaro,22513.0045,0.13111954982165105,86.7798080444336,0.0,31.0,-0.87
Savanes,Papri,15016.225,0.0737287697051754,84.47212219238281,0.0,0.0,-0.455
Savanes,Tambonga,8108.7615000000005,0.06944028056512694,83.70760345458984,0.0,0.0,-0.824
Savanes,Namoundjoga,9661.3825,0.09348269569920567,147.0788116455078,0.0,3.0,-0.673
Savanes,Pogno,19484.478752,0.07935431523311563,87.4283447265625,0.0,0.0,-0.975
Savanes,Mango,46142.328,0.1485936522422084,157.71360778808594,0.017213529237621948,0.0,-0.839
Savanes,Sadori,8584.756000000001,0.09821432382653356,157.71360778808594,0.0,5.0,-0.874
Savanes,Faré,4530.68,0.06591866988144417,155.29583740234375,0.0,0.0,-0.767
Savanes,Barkoissi,38451.339236,0.22078867238987376,153.67974853515625,0.0,358.0,-0.866
Savanes,Nagbéni,24676.7785,0.17527207356057636,157.71360778808594,0.0,112.0,-0.768
Savanes,Tchanaga,6490.052000000001,0.07567949404941765,157.71360778808594,0.0,0.0,-1.03
Savanes,Galangashie,13586.156,0.1535981720884317,153.67974853515625,0.0,79.0,-0.835
Savanes,Sagbiebou,12685.904,0.0745028629053183,87.11654663085938,0.0,0.0,-1.184
Savanes,Tchamonga,25849.078,0.16303100343295712,157.71360778808594,0.0,67.0,-0.946
Savanes,Mogou,16910.616,0.07768816270451119,89.19757080078125,0.0,0.0,-0.808
Savanes,Gando,27533.431500000002,0.09015667302148637,150.0854034423828,0.0,0.0,-0.793
Savanes,Kountoire,15218.455194,0.08401723923531405,155.29583740234375,0.0,0.0,-0.84
Savanes,Koumongou,10867.748000000001,0.08641069655134256,154.5313262939453,0.0,1.0,-0.834
Savanes,Nali,9649.76,0.0786501700300937,154.8228759765625,0.0,0.0,-0.867
Savanes,Takpamba,11565.466044,0.12152908397245658,150.85450744628906,0.0,20.0,-0.682
Savanes,Loko,7994.013772,0.06770451192498186,86.7798080444336,0.0,0.0,-0.56
Savanes,Pligou,9160.597272,0.06881692042075874,84.50827026367188,0.0,0.0,-0.56
Savanes,Bombouaka,10488.571148,0.07093967824058026,86.88988494873047,0.0,0.0,-0.592
Savanes,Goundoga,5083.8615,0.06376278347952596,86.08493041992188,0.0,0.0,-0.63
Savanes,Bogou,16250.280848,0.07508206105877956,84.47212219238281,0.0,0.0,-0.591
Savanes,Nandoga,6561.570576,0.06462399532702781,80.21007537841797,0.0,0.0,-0.447
Savanes,Boulogou,7831.541188,0.10876719396450696,84.47212219238281,0.0,29.0,-0.437
Savanes,Tamongue,25918.681132,0.08099052721406387,89.19757080078125,0.0,0.0,-0.608
Savanes,Bagou,3249.152372,0.05964510563978877,84.61834716796875,0.0,0.0,-0.528
Savanes,Nano,15518.358488000002,0.08239487748183619,145.78651428222656,0.0,0.0,-0.731
Savanes,Sissiak,21951.207428,0.08680970565627284,150.6075439453125,0.0,0.0,-0.689
Savanes,Tampialime,11006.497424000001,0.07181330483461468,86.1253662109375,0.0,0.0,-0.632
Savanes,Mamproug,7093.160164000001,0.06432995801650485,86.88988494873047,0.0,0.0,-0.384
Savanes,Doukpergou,7683.922928,0.06699760876956708,82.36968994140625,0.0,0.0,-0.471
Savanes,Sangou,4302.68124,0.04103111557416093,17.268970489501953,0.0,0.0,-0.515
Savanes,Lokpano,8343.819176,0.06743731198683121,85.18356323242188,0.0,0.0,-0.418
Savanes,Poissongui,7223.48227,0.08534795074679136,147.49090576171875,0.0,2.0,-0.53
Savanes,Kourientre,11143.930556000001,0.09666331165725656,86.88988494873047,0.0,7.0,-0.719
Savanes,Dapaong,154758.807448,0.3887760040966075,151.37205505371094,0.12379391086032818,39.0,-0.828
Savanes,Toaga,15690.872872000002,0.08212377606438108,149.66574096679688,0.0,0.0,-0.601
Savanes,Natigou,7583.766132000001,0.06772706875480902,86.88988494873047,0.0,0.0,-0.571
Savanes,Pana,13857.07926,0.07422132360716638,86.88988494873047,0.0,0.0,-0.637
Savanes,Bidjenga,8986.888752,0.07665182928701106,148.95428466796875,0.0,0.0,-0.846
Savanes,Nanergou,12015.208568,0.08035385820283117,149.66574096679688,0.0,0.0,-0.843
Savanes,Namaré,11800.121864,0.09240485384951466,148.81790161132812,0.0,2.0,-0.657
Savanes,Naki-Ouest,29006.828232000003,0.1395996130609366,150.6075439453125,0.0,21.0,-0.678
Savanes,Nioukpourma,17130.059544,0.11906485120528026,150.27935791015625,0.0,10.0,-0.859
Savanes,Tami,27285.246944000002,0.08971112259392547,150.27935791015625,0.0,0.0,-0.75
Savanes,Lotogou,14368.997732000002,0.08064929400306683,148.20428466796875,0.0,0.0,-0.563
Savanes,Warkambou,7144.5338360000005,0.06753767007001664,86.88988494873047,0.0,0.0,-0.616
Savanes,Louanga,11372.388092000001,0.09037323766233894,85.34732055664062,0.0,4.0,-0.67
Savanes,Kantindi,10966.789348,0.07150861383527855,84.74877166748047,0.0,0.0,-0.665
Savanes,Sanfatoute,9150.518297,0.0695457727810199,83.66716766357422,0.0,0.0,-0.643
Savanes,Korbongou,47598.911181,0.09691527854716563,147.86158752441406,0.0,0.0,-0.78
