region,prefecture,canton,communaute_louvain,priority_score,FRI,total_pop
Maritime,Agoè-Nyivé,Agoè-Nyivé,4,48.5,0.4930971372315273,358223.442808
Maritime,Agoè-Nyivé,Légbassito,4,46.4,0.3432862600259866,154480.559802
Maritime,Agoè-Nyivé,Vakpossito,4,28.8,0.2485634326434136,63267.95692700001
Maritime,Agoè-Nyivé,Togblekope,4,48.9,0.4144426035255774,179199.320921
Maritime,Agoè-Nyivé,Zanguera,4,63.2,0.3074591464425915,218933.127634
Maritime,Agoè-Nyivé,Adétikopé,4,34.3,0.2226921625456402,52840.089426
Maritime,Avé,Kévé,4,42.0,0.2119663825853054,11043.089868
Maritime,Avé,Assahoun,4,39.4,0.1496374561497827,9604.491806
Maritime,Avé,Tovégan,4,36.3,0.0784193377549164,10887.803902
Maritime,Avé,Ando,4,36.7,0.0711415795964946,9495.744831
Maritime,Avé,Zolo,4,35.0,0.0660160510924409,5851.743352
Maritime,Avé,Noépé,4,32.5,0.0674225542291998,10367.572826
Maritime,Avé,Aképé,4,36.8,0.1117957205333165,17313.858359
Maritime,Avé,Badja,4,36.1,0.0849312560832368,10048.043772
Maritime,Bas-Mono,Kpétsou,9,30.5,0.0872623960409154,13667.775344
Maritime,Bas-Mono,Afagnan-Gbléta,9,38.9,0.1235849446001013,31249.042978
Maritime,Bas-Mono,Afagnangan,9,40.3,0.2814943944922352,17676.188806000002
Maritime,Bas-Mono,Attitogon,9,37.0,0.0812563022560387,28876.104163000004
Maritime,Bas-Mono,Hompou,9,33.6,0.0678001412901446,7918.705695000001
Maritime,Bas-Mono,Agome-Glozou,9,27.5,0.0977732643978235,11154.366591
Maritime,Bas-Mono,Agbétiko,9,34.1,0.0624830363506252,3153.961779
Maritime,Golfe,Bè-Est,4,90.6,0.6450010496350246,294407.968876
Maritime,Golfe,Bè-Centre,4,47.7,0.3007857132445131,120144.196629
Maritime,Golfe,Bè-Ouest,4,57.6,0.4931244100886525,129338.199144
Maritime,Golfe,Amoutivé,4,42.2,0.2147406995485243,112333.122491
Maritime,Golfe,Aflao-Gakli,4,59.3,0.3558615399746841,195975.557062
Maritime,Golfe,Baguida,4,81.9,0.6338997276903717,226051.461143
Maritime,Golfe,Aflao-Sagbado,4,73.6,0.5363070271574523,429551.976791
Maritime,Lacs,Aného,9,31.9,0.1117479932455195,8319.615616000001
Maritime,Lacs,Glidji,9,34.7,0.0892845409932689,21192.19384
Maritime,Lacs,Canton D’Aneho,9,23.4,0.0573677740511112,7370.631735
Maritime,Lacs,Aklakou,9,33.6,0.1280981633171436,16023.308526
Maritime,Lacs,Agouégan,9,34.6,0.0757749700789995,10249.348956
Maritime,Lacs,Agbodrafo,4,54.4,0.4920734908229819,89404.008475
Maritime,Lacs,Anfoin,9,30.8,0.073357653891848,11592.037759
Maritime,Lacs,Fiata,9,31.3,0.083854052177165,21109.450521
Maritime,Lacs,Ganavé,9,29.2,0.0788354358783573,13326.048686
Maritime,Vo,Vogan,9,39.1,0.2414430460803063,58675.742912
Maritime,Vo,Vo-Koutimé,9,23.4,0.075525165830131,17235.135028
Maritime,Vo,Togoville,9,29.8,0.1205246213729496,22257.389248
Maritime,Vo,Anyron-Kopé,9,35.1,0.0842362941029623,8283.121792
Maritime,Vo,Dagbati,9,34.6,0.0874601783398281,26317.452928
Maritime,Vo,Dzrékpo,9,30.0,0.0908095216889219,16098.90578
Maritime,Vo,Mome-Hounkpati,9,32.4,0.0651976335154617,6907.74592
Maritime,Vo,Sévagan,4,34.0,0.1116781280216964,9634.455732
Maritime,Vo,Hahotoé,4,39.0,0.1857469311970492,13187.825217
Maritime,Vo,Akoumapé,4,36.2,0.103887579319285,16659.454464000002
Maritime,Yoto,Tabligbo,9,44.3,0.254562141100179,39263.419328
Maritime,Yoto,Amoussimé,5,34.9,0.0724730344021067,13435.210496
Maritime,Yoto,Kouvé,5,42.9,0.2104570655280321,17162.37982
Maritime,Yoto,Kini-Kondji,5,34.1,0.0715482286847249,6192.610048
Maritime,Yoto,Tchékpo,5,38.1,0.076213609607449,16090.519551999998
Maritime,Yoto,Ahépé,5,34.5,0.0758939696989098,12716.550399999998
Maritime,Yoto,Zafi,5,35.8,0.0729283229731708,12272.711888999998
Maritime,Yoto,Gboto,5,35.8,0.0721950926326114,13883.2064
Maritime,Yoto,Tométy-Kondji,5,33.9,0.0697389567716938,5378.830794
Maritime,Yoto,Sendome,5,34.7,0.0743426936326593,7528.845348999999
Maritime,Yoto,Essé-Godjin,5,37.8,0.1137769976148652,11335.089534
Maritime,Yoto,Tokpli,5,36.5,0.1200441026813082,14721.148224
Maritime,Zio,Tsévié,4,50.1,0.3866936805521157,37729.040916
Maritime,Zio,Davié,4,43.5,0.246001100998334,28583.883547
Maritime,Zio,Gblainvié,4,35.7,0.0730587964836506,6031.635099
Maritime,Zio,Abobo,4,45.9,0.2638163542295847,32764.208586
Maritime,Zio,Djagblé,4,42.8,0.323545972919503,22871.121645
Maritime,Zio,Kpomé,4,33.8,0.1013846252406432,11851.60549
Maritime,Zio,Dalavé,4,34.8,0.2119475415812266,24395.010801
Maritime,Zio,Gbatopé,4,15.2,0.091639106862676,17898.923668
Maritime,Zio,Mission-Tové,4,39.8,0.2021322540371957,25356.390537
Maritime,Zio,Kovié,4,37.5,0.091475736238193,15884.060914
Maritime,Zio,Wli,4,34.0,0.0608609623977475,3653.754369
Maritime,Zio,Bolou,4,34.1,0.065635118922633,6082.772319
Maritime,Zio,Gamé,5,36.5,0.0803933508765494,11963.094427
Maritime,Zio,Agbélouvé,5,39.3,0.0903067229016472,26251.331589
Maritime,Zio,Gapé-Centre,5,38.0,0.0862911049115918,19731.043952
Maritime,Zio,Gapé-Kpodji,4,34.2,0.0562975783626975,1963.669248
Plateaux,Agou,Kati,7,34.0,0.0599719936741022,2832.997526
Plateaux,Agou,Agou-Nyogbo-Agbétiko,7,35.0,0.0614212644595306,3358.041634
Plateaux,Agou,Agou-Akplolo,7,32.8,0.0544286431271753,1579.783923
Plateaux,Agou,Agou-Iboé,7,33.8,0.055402050366673,1853.286566
Plateaux,Agou,Agou-Nyogbo-Dzidjole,7,28.0,0.0112459055070005,1579.783923
Plateaux,Agou,Agou-Kébo,7,32.4,0.0407727947470633,2988.118428
Plateaux,Agou,Agou-Tavié,7,27.1,0.0510031514531041,9870.587922
Plateaux,Agou,Agou-Atigbé,7,33.4,0.0547807210993887,2204.34966
Plateaux,Agou,Gadja,7,37.0,0.0828457787386319,16785.714448
Plateaux,Agou,Assahoun-Fiagbé,7,33.0,0.0572409024603336,2547.248496
Plateaux,Agou,Klonou,7,32.1,0.0519067165851612,1836.402711
Plateaux,Agou,Amoussou-Kopé,7,36.7,0.0779274290389427,10312.239164
Plateaux,Agou,Agotimé-Sud (Adzakpa),7,38.3,0.0739149838330998,5662.664228000001
Plateaux,Agou,Agotimé-Nord,7,37.6,0.1034036116871648,10548.221336
Plateaux,Akébou,Djon,2,35.5,0.06969070936232,12660.18081
Plateaux,Akébou,Veh,2,34.0,0.0376869291587735,4900.281088000001
Plateaux,Akébou,Kougnohou,2,34.5,0.0685362778244799,12149.201621
Plateaux,Akébou,Gbendè,2,34.4,0.0564073108604522,3114.00544
Plateaux,Akébou,Yalla,2,32.2,0.036004083784392,3312.480512
Plateaux,Akébou,Sérégbénè,2,34.6,0.0646025572129572,8324.644187
Plateaux,Akébou,Kpalavé,2,35.2,0.065796300548901,7665.24416
Plateaux,Akébou,Kamina-Akébou,6,37.8,0.1162348923245282,11450.65701
Plateaux,Haho,Djemegni,5,40.0,0.0868976153671787,36576.906716
Plateaux,Amou,Adiva,2,33.9,0.0571800664780383,2336.723379
Plateaux,Amou,Imlè-Adiva,2,35.5,0.071100957849045,10041.092237
Plateaux,Amou,Amlamé (Ouma),2,35.3,0.0750864489808197,18899.756924
Plateaux,Amou,Kpatégan,2,38.6,0.0793573088324085,17720.923296
Plateaux,Amou,Ekpégnon,2,33.8,0.0662528021990418,7245.19035
Plateaux,Amou,Amou-Oblo,2,37.5,0.1024894407216242,22608.108086
Plateaux,Amou,Sodo,2,34.4,0.0674972273458296,8532.693758
Plateaux,Amou,Gamé,2,34.7,0.0652040915963295,5518.620946
Plateaux,Amou,Otadi,2,34.8,0.0658662353774264,7676.978117
Plateaux,Amou,Hihéatro,2,36.1,0.1005908500522796,9315.264642
Plateaux,Amou,Okpahoé,2,33.2,0.0550242656765552,2465.47937
Plateaux,Amou,Evou,2,35.6,0.0653976671891081,5187.638784
Plateaux,Amou,Témédja,2,34.0,0.0605574080972526,3194.991074
Plateaux,Amou,Avédjè,5,35.2,0.0780054574266317,4411.445912
Plateaux,Anié,Pallakoko,6,38.2,0.0770876122200565,17826.338416000002
Plateaux,Anié,Anié,6,55.0,0.2820995257231481,95578.611722
Plateaux,Anié,Kolo-Kopé,6,42.4,0.1980849228712741,19721.753754
Plateaux,Anié,Adogbénou,6,39.3,0.0828427899369937,26944.192379
Plateaux,Anié,Atchinédji,5,36.6,0.0789154783154618,10756.005673
Plateaux,Anié,Glitto,5,41.0,0.1044313600448628,34872.058971
Plateaux,Danyi,Danyi-Atigba,2,35.9,0.0958890927030572,15155.070331
Plateaux,Danyi,Yikpa,7,31.3,0.0322723006497075,1162.074347
Plateaux,Danyi,Danyi-Kakpa,2,34.4,0.0577558107905293,3274.931508
Plateaux,Danyi,Danyi-Kpeto-Evita,2,34.6,0.0805758296814765,6526.862968
Plateaux,Danyi,Danyi-Elavagnon,2,35.1,0.064393674174641,7346.001979
Plateaux,Danyi,Ahlon,2,32.4,0.056732932470213,3053.399112
Plateaux,Est-Mono,Elavagnon,6,46.7,0.197834700995292,53404.074907
Plateaux,Est-Mono,Gbadjahè,6,39.6,0.1519428322516279,13929.303658
Plateaux,Est-Mono,Morétan,6,44.8,0.101871351876588,59393.318924
Plateaux,Est-Mono,Badin-Copé,6,38.6,0.0875545382096655,22368.261708
Plateaux,Est-Mono,Kamina,6,37.6,0.0829451215948839,15178.453688
Plateaux,Est-Mono,Kpéssi,6,35.8,0.077261817603707,10165.333509
Plateaux,Est-Mono,Nyamassila,6,38.3,0.1099509684786844,16481.692365
Plateaux,Haho,Notsé,5,50.9,0.232844506079822,73732.515104
Plateaux,Haho,Dalia,5,40.8,0.1182672353150689,28191.079546
Plateaux,Haho,Atchavé,5,38.4,0.1022279631975584,20226.214218
Plateaux,Haho,Asrama,5,42.6,0.1197924771255864,48745.852066
Plateaux,Haho,Kpédomé,5,45.5,0.1657850357545257,50776.016466
Plateaux,Haho,Kpegnon (Haito),2,38.4,0.100639132585951,15232.345585
Plateaux,Haho,Wahala,5,42.0,0.1653954857436472,45121.113775
Plateaux,Kloto,Tové,7,35.0,0.0722415599150464,11399.252305
Plateaux,Kloto,Agome-Kpalime,7,51.5,0.4089137996833729,91933.23852
Plateaux,Kloto,Yokélé,7,35.9,0.088934092399315,7784.196287000001
Plateaux,Kloto,Tomé,7,34.1,0.0630604198548859,5752.222206
Plateaux,Kloto,Kpadapé,7,35.8,0.0852535539072843,7637.625256
Plateaux,Kloto,Womé,7,38.0,0.0687781539023938,5973.0141
Plateaux,Kloto,Gbalabé,7,31.3,0.0530421646441635,3104.84124
Plateaux,Kloto,Hanyigba,7,32.5,0.0591601197781556,5002.51248
Plateaux,Kloto,Lavié,7,34.1,0.0760237626188271,3665.581395
Plateaux,Kloto,Lavié-Apédomé,7,34.4,0.0786389333579261,3056.5544400000003
Plateaux,Kloto,Kpimé,7,36.5,0.1544337600604934,5920.15125
Plateaux,Kloto,Agomé-Yoh,7,29.5,0.0526710721171852,2786.14836
Plateaux,Kloto,Agomé-Tomégbé,7,31.2,0.0347394956233945,3496.05796
Plateaux,Kloto,Kouma,7,35.0,0.0553492469351186,10053.68632
Plateaux,Kpélé,Kpélé-Govié,2,36.2,0.0917520405311842,11038.306625
Plateaux,Kpélé,Kpélé-Novivé,2,39.5,0.0827827814958275,29004.495967000003
Plateaux,Kpélé,Kpélé-Akata,7,35.4,0.0661229357700612,5662.813675
Plateaux,Kpélé,Kpélé-Dawlotou,7,36.4,0.075191994732337,13154.682756
Plateaux,Kpélé,Kpélé-Nord,2,35.1,0.075954404089488,10294.197499000002
Plateaux,Kpélé,Kpélé-Dutoé,2,31.7,0.0598890264585656,4487.601402
Plateaux,Kpélé,Kpélé-Kamé,2,34.0,0.0683182626175935,9449.659212
Plateaux,Kpélé,Kpélé-Gbalédzé,2,32.9,0.0592882706200644,3793.3026
Plateaux,Kpélé,Kpélé-Centre,2,35.5,0.0923218080052301,8063.428464
Plateaux,Moyen-Mono,Tohoun,5,37.5,0.0838768920157815,18406.362561
Plateaux,Moyen-Mono,Tado,5,41.8,0.177969660809447,20067.795062
Plateaux,Moyen-Mono,Ahassomè,5,35.7,0.0732141832570871,6345.096891
Plateaux,Moyen-Mono,Katomé,5,35.6,0.0678197922035446,8271.114554
Plateaux,Moyen-Mono,Kpékplémé,5,41.2,0.1569257894823622,20879.864094
Plateaux,Moyen-Mono,Saligbé,5,39.0,0.1314934854544285,14594.665427
Plateaux,Ogou,Houdou,2,36.4,0.0820294901797528,14667.223809
Plateaux,Ogou,Djama,5,45.9,0.2613128618087796,26605.779159
Plateaux,Ogou,Gnagna,5,43.1,0.2747311763347108,13259.111084
Plateaux,Ogou,Katoré,5,36.0,0.0788792603493322,11758.93238
Plateaux,Ogou,Datcha,5,38.3,0.1209841746100944,20923.8497
Plateaux,Ogou,Akparé,5,38.8,0.0857501890613722,15744.85796
Plateaux,Ogou,Gléi,5,45.4,0.1631242048788758,59482.574408
Plateaux,Ogou,Ountivou,5,44.6,0.1547083657313008,42841.9212
Plateaux,Wawa,Kpété-Béna,2,35.0,0.061103141313842,10441.35954
Plateaux,Wawa,Tomégbé,2,35.1,0.0585828417415417,8189.3016
Plateaux,Wawa,Badou,2,35.7,0.0646343424393123,20037.284469
Plateaux,Wawa,Késsibo,2,34.2,0.0607025748654372,8563.780886999999
Plateaux,Wawa,Gbadi-N'kougna,2,35.7,0.0882078698737663,6187.278221
Plateaux,Wawa,Ekéto,2,35.4,0.0656308080422851,8167.827566999999
Plateaux,Wawa,Gobé,2,31.5,0.0282084342812046,1916.524055
Plateaux,Wawa,Klabé-Efoukpa,2,36.2,0.0709021084474778,15487.485298
Plateaux,Wawa,Ounabé,2,32.0,0.036844539088396,5400.944773
Plateaux,Wawa,Okou,2,35.2,0.0662174929187107,9166.142149
Plateaux,Wawa,Doumé,2,34.2,0.0387646722912604,5260.488875
Centrale,Blitta,Pagala-Gare,6,38.7,0.1135147288064978,15610.030044
Centrale,Blitta,Waragni,6,34.3,0.0584091964028194,2978.43039
Centrale,Blitta,Blitta-Village,6,47.8,0.1584684329099258,77399.003289
Centrale,Blitta,Blitta,6,49.5,0.1290804491974279,98865.623566
Centrale,Blitta,Yaloumbè,6,34.6,0.0629085335819162,4472.736919
Centrale,Blitta,Tchaloudè,6,34.6,0.0659778404256571,6142.581077
Centrale,Blitta,Doufouli,6,35.9,0.0570844945671546,1751.418896
Centrale,Blitta,Tcharè-Baou,6,35.0,0.0741013433746105,7946.990846
Centrale,Blitta,Koffiti,6,36.4,0.0669524789408196,5804.60404
Centrale,Blitta,Langabou,6,36.4,0.0791630434037235,10845.751708
Centrale,Blitta,Agbandi,6,36.9,0.07283061829575,5933.513762
Centrale,Blitta,Tintchro,6,34.1,0.0463823347135887,1570.676539
Centrale,Blitta,Welly,6,35.6,0.0641105524571636,7245.12017
Centrale,Blitta,Pagala-Village,6,35.9,0.0980103208061624,2125.631945
Centrale,Blitta,Tchifama,6,34.1,0.0708746849582966,3008.978394
Centrale,Blitta,Atchintsè,2,32.9,0.0499478906019631,2949.175123
Centrale,Blitta,Diguengué,6,32.1,0.031640546039944,837.524443
Centrale,Blitta,Yégué,6,31.2,0.0205545505503334,1160.824152
Centrale,Blitta,Dikpéléou,6,29.3,0.0074311613906342,997.901464
Centrale,Blitta,Katchenkè,6,33.4,0.045814962592401,1407.753851
Centrale,Blitta,M'Poti,6,33.7,0.0573619626912907,3439.196117
Centrale,Mô,Kagnigbara,3,32.5,0.0465637248759258,203.65336
Centrale,Mô,Boulohou,3,32.5,0.0538663342120799,1255.013831
Centrale,Mô,Djarkpanga,3,34.7,0.0584083478814021,2639.868328
Centrale,Mô,Saïboudè,3,33.5,0.0578580523908523,2357.287642
Centrale,Mô,Tindjasse,3,35.0,0.0696554592276523,2560.941002
Centrale,Sotouboua,Tabindè,3,35.4,0.0716294426392849,5424.643826
Centrale,Sotouboua,Sotouboua,3,40.5,0.1431602819733745,22142.211566
Centrale,Sotouboua,Kaniamboua,3,37.1,0.1136097417001861,1886.339247
Centrale,Sotouboua,Séssaro,3,36.9,0.0707572197445846,8780.183627999999
Centrale,Sotouboua,Tittigbe,3,34.9,0.0662059995957432,6432.900509
Centrale,Sotouboua,Aouda,3,37.1,0.0943331062220863,12398.803382
Centrale,Sotouboua,Adjengré,3,37.4,0.1041063867046261,13716.053796
Centrale,Sotouboua,Fazao,3,28.9,0.0408871708412971,17.222059
Centrale,Sotouboua,Kazaboua,6,34.8,0.0649514479198976,5480.986876
Centrale,Sotouboua,Bodjondè,3,34.8,0.062298128950825,1802.332236
Centrale,Sotouboua,Tchébébé,6,37.6,0.0849944059935758,11434.202398
Centrale,Tchamba,Affem,3,36.2,0.072200361504796,12120.848194
Centrale,Tchamba,Alibi I,3,36.3,0.0931839671321996,8947.997002
Centrale,Tchamba,Larini,3,45.0,0.242095591848631,19577.93677
Centrale,Tchamba,Kri-Kri,3,35.7,0.0647110052007914,5475.045428
Centrale,Tchamba,Tchamba,3,44.8,0.2408882202204571,51412.713723
Centrale,Tchamba,Bago,6,39.2,0.0826722196078944,27878.590835000003
Centrale,Tchamba,Koussountou,3,38.1,0.0807469489968419,24763.546913
Centrale,Tchamba,Balanka,3,36.0,0.0877686234774213,9922.117982
Centrale,Tchamba,Goubi,6,40.8,0.1560884164912735,14792.722882
Centrale,Tchamba,Kaboli,6,40.2,0.0931666347590303,33900.633549
Centrale,Tchaoudjo,Tchalo,3,36.1,0.0915101302571691,9271.720873
Centrale,Tchaoudjo,Kadambara,3,38.7,0.1081065485191038,16801.177174
Centrale,Tchaoudjo,Kparataou,3,39.5,0.1528745824558675,13737.243618
Centrale,Tchaoudjo,Sokodè (Komah),3,57.2,0.3759356550888721,85029.152294
Centrale,Tchaoudjo,Kpangalam,3,45.0,0.2130495112023384,41461.932723
Centrale,Tchaoudjo,Lama-Tessi,3,38.0,0.0800524513887016,22808.645453
Centrale,Tchaoudjo,Kéméni,3,34.2,0.0580737837057484,2322.320568
Centrale,Tchaoudjo,Aléhéridè,3,36.0,0.0713877570644503,5580.463766
Centrale,Tchaoudjo,Kolina,3,34.3,0.0678633081942281,4013.203054
Centrale,Tchaoudjo,Amaïde,3,35.5,0.0751198156929064,3632.559673
Centrale,Tchaoudjo,Wassarabo,3,35.2,0.0562607445230317,2406.042112
Centrale,Tchaoudjo,Kpassaouade,3,34.8,0.061040408253214,3560.7969350000003
Centrale,Tchaoudjo,Agouloudè,3,36.0,0.0724229428222643,12362.118122
Kara,Assoli,Dako (Daoude),0,34.9,0.0696083087516142,11084.88259
Kara,Assoli,Bouladè,0,36.5,0.0729021119593349,13207.208385999998
Kara,Assoli,Bafilo,0,43.2,0.1715554290724467,42954.934418
Kara,Assoli,Alédjo,0,37.7,0.1223291837538217,15079.118251999998
Kara,Assoli,Koumondè,0,29.8,0.0353563187462862,7096.055648
Kara,Assoli,Soudou,0,40.5,0.1080728242232856,32505.294296
Kara,Bassar,Baghan,3,34.0,0.0963115977930474,2175.808166
Kara,Bassar,Bassar,3,49.0,0.2867472626170452,45754.087907
Kara,Bassar,Kalanga,3,36.9,0.1217995517099972,6009.831366
Kara,Bassar,Dimori,3,39.1,0.1501570982261818,11032.401758
Kara,Bassar,Bitchabe,3,37.6,0.134026107701726,6206.325055
Kara,Bassar,Bangeli,3,36.9,0.0962151760783427,14879.06771
Kara,Bassar,Manga,0,36.1,0.117318104136766,5788.695273
Kara,Bassar,Kabou,0,43.4,0.1863497329975026,29360.07956
Kara,Bassar,Sanda-Afohou,0,35.1,0.0834486068385742,4528.939905
Kara,Bassar,Sanda-Kagbanda,0,36.2,0.0988316967464076,7078.5653330000005
Kara,Binah,Solla,0,34.9,0.0668354912727135,9581.901087
Kara,Binah,Pessaré,0,34.6,0.0639917441187818,5023.636809
Kara,Binah,Boufalé,0,33.1,0.061399087045733,3963.105865
Kara,Binah,Pitikita,0,33.0,0.0600638489176103,3738.89042
Kara,Binah,Lama-Dessi,0,34.3,0.0671264405491115,7138.663812
Kara,Binah,Pagouda,0,36.4,0.082758790460777,16463.050477
Kara,Binah,Sirka,0,36.4,0.1066865457573657,8384.935789
Kara,Binah,Kétao,0,35.3,0.0723275342692422,14046.64716
Kara,Binah,Kémérida,0,33.8,0.0631277610511466,5699.819119
Kara,Dankpen,Naompoch,8,37.7,0.1141393669969016,12702.092056
Kara,Dankpen,Katchamba,8,35.4,0.0779180579325915,9917.82956
Kara,Dankpen,Guérin-Kouka,0,45.1,0.1890476656278959,52457.893216
Kara,Dankpen,Koulféikou,8,37.9,0.0848765512146279,16261.265483
Kara,Dankpen,Namon,0,36.8,0.0879894828925242,8472.5454
Kara,Dankpen,Natchiboré,0,37.3,0.1022031880600972,14028.482424
Kara,Dankpen,Natchitikpi,0,37.5,0.1101689609344262,8205.531848
Kara,Dankpen,Koutchitchéou,0,37.5,0.1460929678140817,8613.578546
Kara,Dankpen,Nawaré,0,38.8,0.1336795719248095,21207.03788
Kara,Dankpen,Bapuré,0,41.2,0.1682606488134899,24311.870713
Kara,Dankpen,Nandouta,0,37.6,0.0867392692547939,20903.453413
Kara,Dankpen,Kidjabou,8,43.3,0.187227866083604,29833.62956
Kara,Doufelgou,Siou,0,35.2,0.0708849758713384,10670.109294
Kara,Doufelgou,Agbandè-Yaka,0,35.8,0.0647469763560947,4911.383646
Kara,Doufelgou,Niamtougou,0,38.8,0.1372176605808839,16105.993911
Kara,Doufelgou,Ténéga,0,33.6,0.0608574702099333,4171.269717
Kara,Doufelgou,Baga,0,35.3,0.0676902981385445,7698.423546
Kara,Doufelgou,Pouda,0,33.6,0.0585362121149228,3035.160848
Kara,Doufelgou,Massédéna,0,34.5,0.0590500988310403,3132.061008
Kara,Doufelgou,Koka,0,33.3,0.0914819810337362,4422.103308
Kara,Doufelgou,Léon,0,34.8,0.0622914127347716,1669.127229
Kara,Doufelgou,Alloum,0,35.2,0.0696961978147816,4205.333538
Kara,Doufelgou,Kadjalla,0,34.9,0.0678240736424997,3555.444486
Kara,Doufelgou,Tchoré,0,33.6,0.0527374329576602,919.311405
Kara,Doufelgou,Défalé,0,34.6,0.0677551132826262,7783.778738
Kara,Doufelgou,Kpaha,0,33.3,0.0553434447115421,1743.448293
Kara,Kéran,Kantè,8,39.1,0.0899866684835148,27944.432839
Kara,Kéran,Pessidè,8,37.3,0.0836199720119382,15573.042364
Kara,Kéran,Akpontè,8,36.5,0.0729129646908354,5759.683098
Kara,Kéran,Hélota,8,36.5,0.0889632510948363,12947.449566
Kara,Kéran,Ossacré,8,34.7,0.070775020876746,10088.357398
Kara,Kéran,Ataloté,8,36.6,0.0790603487239921,10200.393674
Kara,Kéran,Nadoba,8,36.8,0.0948125031389111,21353.095694000003
Kara,Kéran,Warengo,8,36.1,0.0890226325197051,8855.958362000001
Kara,Kéran,Koutougou,0,35.2,0.0632459550187303,4674.968244000001
Kara,Kozah,Landa,0,34.3,0.0687496309047569,9830.5197
Kara,Kozah,Soumdina,0,33.8,0.0657239350957423,6961.230600000001
Kara,Kozah,Lassa,0,36.1,0.0998195892641064,16926.505
Kara,Kozah,Kara,0,59.8,0.4414910215440037,94804.8615
Kara,Kozah,Kouméa,0,35.8,0.0713406612041396,10651.738507
Kara,Kozah,Tcharè,0,33.5,0.0660945806523308,3815.8587
Kara,Kozah,Pya,0,33.7,0.0795392402580204,16104.830000000002
Kara,Kozah,Tchitchao,0,35.8,0.0762572481684376,8870.8033
Kara,Kozah,Bohou,0,32.7,0.0696718419263815,12607.7812
Kara,Kozah,Sara-Kawa,0,34.2,0.0686804779495097,4429.255451
Kara,Kozah,Yadè,0,34.1,0.0669729215486152,7549.5499
Kara,Kozah,Awandjélo,0,34.5,0.0713060169539604,12525.351144
Kara,Kozah,Kpinzindè,0,36.1,0.0724180795052145,11623.558266
Kara,Kozah,Djamdè,0,34.6,0.0666164313304839,3231.623618
Kara,Kozah,Atchangbadè,0,37.0,0.0903738963988634,18904.849326
Savanes,Cinkassé,Gouloungoussi,1,33.3,0.0615235373246903,4300.628436
Savanes,Cinkassé,Noaga,1,34.1,0.0546258032417458,1351.872147
Savanes,Cinkassé,Boadé,1,44.0,0.1956282929022141,46270.254552
Savanes,Cinkassé,Biankouri,1,34.0,0.0719265694421863,15559.899868
Savanes,Cinkassé,Nadjoundi,1,34.6,0.0702018441342477,10168.010764
Savanes,Cinkassé,Timbou,1,36.8,0.0833498358582323,16092.887444
Savanes,Cinkassé,Sam-Naba,1,34.7,0.0763458995631501,9367.473667
Savanes,Kpendjal,Tambigou,1,36.9,0.1425600836003102,4299.376432
Savanes,Kpendjal,Koundjoaré,1,38.7,0.109237385455536,17254.4925
Savanes,Kpendjal,Mandouri,1,41.9,0.1915673478324314,18144.133
Savanes,Kpendjal,Borgou,1,41.9,0.1906846037287727,22484.672
Savanes,Kpendjal-Ouest,Naki-Est,1,39.2,0.1000971872801111,26579.8081
Savanes,Kpendjal-Ouest,Nayéga,1,33.6,0.0663249748238143,6958.462
Savanes,Kpendjal-Ouest,Ogaro,1,40.3,0.131119549821651,22513.0045
Savanes,Kpendjal-Ouest,Papri,1,34.7,0.0737287697051754,15016.225
Savanes,Kpendjal-Ouest,Tambonga,1,35.8,0.0694402805651269,8108.7615
Savanes,Kpendjal-Ouest,Namoundjoga,1,36.0,0.0934826956992056,9661.3825
Savanes,Kpendjal-Ouest,Pogno,1,38.4,0.0793543152331156,19484.478752
Savanes,Oti,Mango,8,43.7,0.1485936522422084,46142.328
Savanes,Oti,Sadori,8,37.2,0.0982143238265335,8584.756000000001
Savanes,Oti,Faré,8,34.9,0.0659186698814441,4530.68
Savanes,Oti,Barkoissi,1,45.7,0.2207886723898737,38451.339236
Savanes,Oti,Nagbéni,1,41.7,0.1752720735605763,24676.7785
Savanes,Oti,Tchanaga,8,37.0,0.0756794940494176,6490.052000000001
Savanes,Oti,Galangashie,8,39.8,0.1535981720884317,13586.156
Savanes,Oti-Sud,Sagbiebou,8,38.6,0.0745028629053183,12685.904
Savanes,Oti-Sud,Tchamonga,1,42.4,0.1630310034329571,25849.078
Savanes,Oti-Sud,Mogou,8,37.1,0.0776881627045111,16910.616
Savanes,Oti-Sud,Gando,8,38.8,0.0901566730214863,27533.4315
Savanes,Oti-Sud,Kountoire,8,37.3,0.084017239235314,15218.455194
Savanes,Oti-Sud,Koumongou,8,36.8,0.0864106965513425,10867.748
Savanes,Oti-Sud,Nali,8,36.6,0.0786501700300937,9649.76
Savanes,Oti-Sud,Takpamba,8,37.4,0.1215290839724565,11565.466044
Savanes,Tandjoaré,Loko,1,34.2,0.0677045119249818,7994.013772
Savanes,Tandjoaré,Pligou,1,34.4,0.0688169204207587,9160.597272
Savanes,Tandjoaré,Bombouaka,1,34.8,0.0709396782405802,10488.571148
Savanes,Tandjoaré,Goundoga,1,34.1,0.0637627834795259,5083.8615
Savanes,Tandjoaré,Bogou,1,35.7,0.0750820610587795,16250.280848
Savanes,Tandjoaré,Nandoga,1,33.2,0.0646239953270278,6561.570576
Savanes,Tandjoaré,Boulogou,1,35.1,0.1087671939645069,7831.541188
Savanes,Tandjoaré,Tamongue,1,37.2,0.0809905272140638,25918.681132
Savanes,Tandjoaré,Bagou,1,33.1,0.0596451056397887,3249.152372
Savanes,Tandjoaré,Nano,1,36.7,0.0823948774818361,15518.358488000002
Savanes,Tandjoaré,Sissiak,1,37.4,0.0868097056562728,21951.207428
Savanes,Tandjoaré,Tampialime,1,35.1,0.0718133048346146,11006.497424
Savanes,Tandjoaré,Mamproug,1,32.9,0.0643299580165048,7093.160164000001
Savanes,Tandjoaré,Doukpergou,1,33.6,0.066997608769567,7683.922928
Savanes,Tandjoaré,Sangou,1,32.4,0.0410311155741609,4302.68124
Savanes,Tandjoaré,Lokpano,1,33.4,0.0674373119868312,8343.819176
Savanes,Tône,Poissongui,1,34.6,0.0853479507467913,7223.48227
Savanes,Tône,Kourientre,1,36.6,0.0966633116572565,11143.930556
Savanes,Tône,Dapaong,1,66.7,0.3887760040966075,154758.807448
Savanes,Tône,Toaga,1,35.9,0.082123776064381,15690.872872000002
Savanes,Tône,Natigou,1,34.2,0.067727068754809,7583.766132000001
Savanes,Tône,Pana,1,35.6,0.0742213236071663,13857.07926
Savanes,Tône,Bidjenga,1,36.3,0.076651829287011,8986.888752
Savanes,Tône,Nanergou,1,36.8,0.0803538582028311,12015.208568
Savanes,Tône,Namaré,1,36.2,0.0924048538495146,11800.121864
Savanes,Tône,Naki-Ouest,1,40.3,0.1395996130609366,29006.828232000003
Savanes,Tône,Nioukpourma,1,39.0,0.1190648512052802,17130.059544
Savanes,Tône,Tami,1,38.5,0.0897111225939254,27285.246944
Savanes,Tône,Lotogou,1,35.5,0.0806492940030668,14368.997732000002
Savanes,Tône,Warkambou,1,34.4,0.0675376700700166,7144.5338360000005
Savanes,Tône,Louanga,1,36.1,0.0903732376623389,11372.388092
Savanes,Tône,Kantindi,1,35.3,0.0715086138352785,10966.789348
Savanes,Tône,Sanfatoute,1,34.9,0.0695457727810199,9150.518297
Savanes,Tône,Korbongou,1,41.5,0.0969152785471656,47598.911181
