id,title,canton,location_name,type,works_type,estimated_cost,progress_percent,depassement_duree,probabilite_retard,niveau_risque
1512,Réalisation d'une forage photovoltaïque pour eau de boisson en communauté,,SANLOAGA,Forages photovoltaïques dans les communautés pour eau de boisson,Construction,25000000.0,100.0,291.0,0.971,Eleve
1687,"Réalisation d'un forage photo voltaïque pour eau de boisson, dans le quartier des réfugiés (Pigniéka)",,NASSIKOU,Forages photovoltaïques dans les communautés pour eau de boisson,Construction,20000000.0,100.0,109.0,0.97,Eleve
1639,Réalisation d'un forage photovoltaïque pour eau de boisson,,EDOGA 2,Forages photovoltaïques dans les communautés pour eau de boisson,Construction,20000000.0,100.0,116.0,0.969,Eleve
1692,Réalisation d'un forage photovoltaique pour eau de boisson,,TIEPAH,Forages photovoltaïques dans les communautés pour eau de boisson,Construction,20000000.0,100.0,122.0,0.968,Eleve
1571,Réalisation d'un forage photovoltaique AEP,,ZOLALE,Forages photovoltaïques dans les communautés pour eau de boisson,Construction,20000000.0,100.0,137.0,0.965,Eleve
1673,Réalisation d'un forage photovoltaique pour eau de Boisson,,N'GAMBI,Forages photovoltaïques dans les communautés pour eau de boisson,Construction,20000000.0,0.0,170.0,0.958,Eleve
1137,Réalisation d'un forage photovoltaïque à des fins de maraichage,,TCHANKPERE,Forages photovoltaïques pour les activités maraîchères,Construction,20000000.0,0.0,175.0,0.957,Eleve
1122,"Construction d'un bâtiment scolaire de quatre (4) classes, bureaun , magasin et forage au CEG TONTONDI",,TONTONDI,Forages photovoltaïques dans les établissements scolaires,Construction,20000000.0,0.0,177.0,0.957,Eleve
725,Construction d'un Bâtiment scolaire de 3 classes avec bureau et magasin + 2 Blocs de Latrines à l'EPP + forage photovoltaïque,,DJALOTOUGOU,Forages photovoltaïques dans les communautés pour eau de boisson,Construction,20000000.0,0.0,184.0,0.955,Eleve
1506,Réalisation d'un forage photovoltaïque pour le maraîchage,,TAMBATE,Forages photovoltaïques pour les activités maraîchères,Construction,20000000.0,100.0,184.0,0.955,Eleve
1050,Réalisation  d'un forage photovoltaique pour le maraichage ,,MAGNA BAS,Forages photovoltaïques pour les activités maraîchères,Construction,20000000.0,0.0,200.0,0.952,Eleve
1082,Construction d'un batiment scolaire à l'EPP avec forage,,KOUWAKOU,Forages photovoltaïques dans les établissements scolaires,Construction,20000000.0,0.0,216.0,0.947,Eleve
976,Réalisation de forage photovoltaïque pour le  JEP de Nakpanag,,POAMONGUE,Forages photovoltaïques dans les établissements scolaires,Construction,20000000.0,0.0,217.0,0.947,Eleve
1129,Construction d'un JEP de deux (2) classes+forage photovoltaïque,,BAKANOU,Forages photovoltaïques dans les établissements scolaires,Construction,20000000.0,0.0,219.0,0.947,Eleve
1115,Réalisation d'un forage photovoltaique pour le maraichage,,WOGOU/VILLAGE,Forages photovoltaïques pour les activités maraîchères,Construction,20000000.0,0.0,226.0,0.945,Eleve
1034,Construction d'un bâtimentd'un bâtiment scolaire de 3 classes + Bureau+Magasin+forage photovoltaïque à l'EPP Wantambongue,,WANTAMBONGUE 1,Forages photovoltaïques dans les établissements scolaires,Construction,20000000.0,0.0,231.0,0.943,Eleve
1011,Réalisation d'un forage photovoltaïque maraicher ,,POMONGUE,Forages photovoltaïques pour les activités maraîchères,Construction,20000000.0,0.0,281.0,0.927,Eleve
907,Réalisation d'un forage photovoltaïque pour eau de boisson,,TCHIRI,Forages photovoltaïques dans les communautés pour eau de boisson,Réhabilitation,20000000.0,0.0,297.0,0.921,Eleve
1067,Réalissation d'un forage photovoltaïque maraicher,,BASSOUDOUGOU,Forages photovoltaïques pour les activités maraîchères,Construction,20000000.0,0.0,300.0,0.92,Eleve
1065,Réalissation d'un forage photovoltaïque maraicher,,KPATCHIANGBANE 1,Forages photovoltaïques pour les activités maraîchères,Construction,20000000.0,100.0,300.0,0.92,Eleve
1069,Réalissation d'un forage photovoltaïque maraicher,,FALNAGUE 1,Forages photovoltaïques pour les activités maraîchères,Construction,20000000.0,0.0,308.0,0.917,Eleve
1093,Construction d'un bâtiment scolaire de trois salles de classe+bureau+ magasin  avec forage à l'EPP NABILE  B,,NABILE,Forages photovoltaïques dans les établissements scolaires,Construction,20000000.0,100.0,321.0,0.911,Eleve
1109,Construction d'un bâtiment pour le préscolaire au JEP Djèbouri ,,DJEBOURI,Forages photovoltaïques dans les établissements scolaires,Construction,20000000.0,0.0,321.0,0.911,Eleve
1139,Réalisation d'un forage photovoltaïque à des finis de maraichage,,KPENTCHANI,Forages photovoltaïques pour les activités maraîchères,Construction,20000000.0,0.0,322.0,0.911,Eleve
1071,Réalissation d'un forage photovoltaïque maraicher,,KARIATA,Forages photovoltaïques pour les activités maraîchères,Construction,20000000.0,0.0,330.0,0.907,Eleve
802,Electrification (installation des lampadaires solaires,,TALGUIMBOUNTE 1,Forages photovoltaïques dans les communautés pour eau de boisson,Construction,22773165.0,0.0,444.0,0.903,Eleve
1070,Réalissation d'un forage photovoltaïque maraicher,,NAKORGOU,Forages photovoltaïques pour les activités maraîchères,Construction,20000000.0,0.0,347.0,0.899,Eleve
1116,Réalisation d'un forage photovoltaique pour le maraichage et abreuvement des animaux,,GBATENI,Forages photovoltaïques pour les activités maraîchères,Construction,20000000.0,100.0,359.0,0.893,Eleve
1072,Réalissation d'un forage photovoltaïque maraicher,,NAKPALI 2,Forages photovoltaïques pour les activités maraîchères,Construction,20000000.0,0.0,360.0,0.893,Eleve
1140,Réalisation d'un forage photovoltaïque à des finis de maraichage,,TCHINTCHEREGA,Forages photovoltaïques pour les activités maraîchères,Construction,20000000.0,0.0,375.0,0.885,Eleve
1138,Réalisation d'un foarge photovoltaïque à des fins de maraichage,,NAMOUMALE,Forages photovoltaïques pour les activités maraîchères,Construction,20000000.0,0.0,380.0,0.882,Eleve
1101,"Appui à la construction d'un batiment scolaire de 03 classes, un bureau et magasin à l'EPP Nadjankarkou, avec forage",,NADJANKARKOU,Forages photovoltaïques dans les établissements scolaires,Construction,20000000.0,0.0,382.0,0.881,Eleve
1009,Construction et équipement d'un bâtiment scolaire de trois classes et réalisation d'un forage  Photovoltaïque ,,BOUTASSOUGOU,Forages photovoltaïques dans les établissements scolaires,Réhabilitation,20000000.0,100.0,389.0,0.877,Eleve
1007,Réalisation d'un forage photovoltaïque maraicher ,,KOUKDAGOU,Forages photovoltaïques pour les activités maraîchères,Construction,20000000.0,0.0,392.0,0.875,Eleve
1073,Réalissation d'un forage photovoltaïque maraicher,,TCHANDANA,Forages photovoltaïques pour les activités maraîchères,Construction,20000000.0,0.0,396.0,0.873,Eleve
1013,"Construction et équipement d'un bâtiment scolaire de trois classes, bloc latrine et forage photovoltaïque ",,DASSOUTE-BAGOU,Forages photovoltaïques dans les établissements scolaires,Construction,20000000.0,0.0,408.0,0.865,Eleve
1076,"Construction d'un batiment scolaire de trois classes,bureau,magasin  + forage ",,KEREKETE,Forages photovoltaïques dans les établissements scolaires,Construction,20000000.0,0.0,419.0,0.858,Eleve
1080,Construction d'un batiment scolaire à l'EPP avec forage,,TAMBINAMONE,Forages photovoltaïques dans les établissements scolaires,Construction,20000000.0,0.0,419.0,0.858,Eleve
661,Construction d'un Bâtiment scolaire de 3 classes avec bureau et magasin + 2 Blocs de Latrines +forage photovoltaïque à l'EPP KOMOULOGOU 1,,KOMOULOGOU 2,Forages photovoltaïques dans les communautés pour eau de boisson,Construction,20000000.0,100.0,419.0,0.858,Eleve
762,Construction d'un bâtiment scolaire de trois classes + bureau et magasin + forage photovoltaïque à EPP Tomole,,TOMONLE,Forages photovoltaïques dans les établissements scolaires,Construction,20000000.0,0.0,421.0,0.857,Eleve
1024,Réalisation d'un forage photovoltaique pour le Maraichage ,,NOK-DONG,Forages photovoltaïques pour les activités maraîchères,Construction,20000000.0,0.0,424.0,0.855,Eleve
1020,Réalisation d'un forage photovoltaïque pour le maraîchage ,,KPÉKIBONGUE,Forages photovoltaïques pour les activités maraîchères,Construction,20000000.0,0.0,427.0,0.853,Eleve
754,Construction d'un bâtiment scolaire de trois classes + bureau et magasin + forage photovoltaïque à EPP Djabdjoare 2 ,,DJABDJOARE 2,Forages photovoltaïques dans les établissements scolaires,Construction,20000000.0,0.0,434.0,0.848,Eleve
1068,Réalissation d'un forage photovoltaïque maraicher,,KPIMONE,Forages photovoltaïques pour les activités maraîchères,Construction,20000000.0,0.0,434.0,0.848,Eleve
820,Construction et équipement d'un bâtiment scolaire de 03 classes avec un bureau- magasin + 2 blocs de latrines + forages photovoltaïques à EPP Djapiebagou,,DJAPIEMBAGOU,Forages photovoltaïques dans les communautés pour eau de boisson,Construction,20000000.0,0.0,435.0,0.847,Eleve
756,Réalisation d’un forage photovoltaïque pour maraîchage,,GNANLE,Forages photovoltaïques pour les activités maraîchères,Construction,20000000.0,100.0,435.0,0.847,Eleve
911,Construction d'un centre communautaire à NAKORKOU,,NAKORKOU,Forage Photovoltaïque (Centre communautaire),Construction,20000000.0,0.0,438.0,0.845,Eleve
1066,Réalissation d'un forage photovoltaïque maraicher,,NASSIEGOU,Forages photovoltaïques pour les activités maraîchères,Construction,20000000.0,0.0,449.0,0.838,Eleve
1087,construcion d'un centre communautaire,,KPANDJINI,Forage Photovoltaïque (Centre communautaire),Construction,20000000.0,0.0,480.0,0.814,Eleve
979,Réalisation d'un forage photovoltaïque pour maraîchage,,NAGRE,Forages photovoltaïques pour les activités maraîchères,Construction,20000000.0,0.0,495.0,0.801,Eleve
1032,Construction d'un bâtiment scolaire de 3 salles de classe+forage+bloc sanitaire à l'EPP Koundoungou,,KOUNDOUNGOU 1,Forages photovoltaïques dans les établissements scolaires,Construction,20000000.0,0.0,502.0,0.795,Eleve
853,"Construction d'un bâtiment scolaire de 03 salles de classes, un bureau- magasin équipement en table banc et mobilier de bureau avec forage",,SIMBO,Forages photovoltaïques dans les établissements scolaires,Construction,20000000.0,0.0,511.0,0.787,Eleve
1028,Construction d'un bâtiment scolaire de 3 salles de classes+Bureau+magasin+Forage+Latrines à l'EPP de Djabiène,,DJABIENE,Forages photovoltaïques dans les établissements scolaires,Construction,20000000.0,0.0,512.0,0.786,Eleve
1022,Réalisation d'un forage photovoltaïque pour le maraîchage ,,SANDJAK 2,Forages photovoltaïques pour les activités maraîchères,Construction,20000000.0,0.0,527.0,0.772,Eleve
1144,construction et équipement d'un centre communautaire ,,MOGOU CENTRE,Forage Photovoltaïque (Centre communautaire),Construction,20000000.0,0.0,542.0,0.758,Eleve
1004,Construction et équipement d'un centre communautaire ,,LOTOGOU CENTRE,Forage Photovoltaïque (Centre communautaire),Construction,20000000.0,0.0,544.0,0.756,Eleve
683,Réalisation d'un forage photovoltaïque ,,GANGA,Forages photovoltaïques pour les activités maraîchères,Construction,30000000.0,100.0,925.0,0.752,Eleve
1046,"Construction d'un batiment scolaire de trois classes,bureau,magasin et blocs sanitaires avec forage à l'EPP Matougou B",,LARSIOK,Forages photovoltaïques dans les établissements scolaires,Construction,20000000.0,0.0,548.0,0.752,Eleve
1057,Construction et équipement d'un bâtiement  scolaire de 03 classes avec Bureau-magasin + 2blocs latrines et un forage ,,SANPEDIGBENDE 2,Forages photovoltaïques dans les établissements scolaires,Construction,20000000.0,100.0,551.0,0.749,Eleve
906,Contruction de Batiment scolaire pour le jardin d'enfants de 2 classes équipées+ bureau+Forage à EPP Bonzoukou,,BONZOUKOU,Forages photovoltaïques dans les établissements scolaires,Construction,20000000.0,0.0,551.0,0.749,Eleve
1044,"Construction d'un batiment scolaire de trois classes,bureau,magasin et blocs sanitaires + forage à l'EPP ",,SIGUIBAGOU 2,Forages photovoltaïques dans les établissements scolaires,Construction,20000000.0,0.0,574.0,0.725,Eleve
1112,Construction et équipement d'un batiment scolaire + forage pour le jardin d'enfants JEP de Djé-Djabou,,DJE-DJABOU,Forages photovoltaïques dans les établissements scolaires,Construction,20000000.0,0.0,575.0,0.724,Eleve
1120,"Construction d'un bâtiment scolaire de trois (3) classes, bureau , magasin et forage photovoltaïque",,FIEGOU,Forages photovoltaïques dans les établissements scolaires,Construction,20000000.0,0.0,577.0,0.722,Eleve
818,Construction d'un Bâtiment scolaire de 3 salles de classe avec bureau et magasin clôturé plus deux blocs de latrine,,DJANKOGUE,Forages photovoltaïques dans les établissements scolaires,Construction,20000000.0,60.0,620.0,0.673,Eleve
927,Réalisation d'un forage maraicher dans le bas-fond de Yobre 1 ,,YOBRE 1,Forages photovoltaïques pour les activités maraîchères,Construction,20000000.0,0.0,690.0,0.585,Modere
899,Contruction de Batiment scolaire de 3 classes équipées+ bureau+mangasin +forage à EPP DOUANE EST,,DOUANE-EST,Forages photovoltaïques dans les établissements scolaires,Construction,20000000.0,0.0,701.0,0.571,Modere
925,Réalisation d'un forage maraicher à Kongo-Mossi,,KONGO-MOSSI,Forages photovoltaïques pour les activités maraîchères,Construction,20000000.0,0.0,703.0,0.568,Modere
922,Construction d'un forage maraicher à Touontongou,,TOUONTONGOU,Forages photovoltaïques pour les activités maraîchères,Construction,20000000.0,0.0,703.0,0.568,Modere
923,Réalisation d'un forage maraicher à Kongo-Boumbouni,,KONGO-BOUMBOUNI,Forages photovoltaïques pour les activités maraîchères,Construction,20000000.0,0.0,703.0,0.568,Modere
919,Construction d'un centre communautaire à KONGO-MOBA,,KONGO-MOBA,Forage Photovoltaïque (Centre communautaire),Construction,20000000.0,0.0,703.0,0.568,Modere
944,Réalisation d'un forage photovoltaique pour le maraichage,,DJIRIDJO,Forages photovoltaïques pour les activités maraîchères,Construction,20000000.0,0.0,705.0,0.566,Modere
846,Construction d'un centre communautaire à NALI ANGOH,,NALI ANGOH,Forage Photovoltaïque (Centre communautaire),Construction,20000000.0,100.0,708.0,0.562,Modere
882,"ConstruCtion, et équipement d'un jardin d'enfants à l'EPP FAREO ",,FAREO,Forages photovoltaïques dans les établissements scolaires,Construction,20000000.0,0.0,708.0,0.562,Modere
932,Construction et équipement d'un centre communautaire,,TONGA 2,Forage Photovoltaïque (Centre communautaire),Construction,20000000.0,0.0,708.0,0.562,Modere
862,Installation d'un forage photovoltaïque pour le maraichage,,KOROKOU,Forages photovoltaïques pour les activités maraîchères,Construction,20000000.0,0.0,709.0,0.56,Modere
858,Installation d'un forage photovoltaïque pour le maraichage,,TOPIENGA,Forages photovoltaïques pour les activités maraîchères,Construction,20000000.0,0.0,709.0,0.56,Modere
856,Construction d'un centre communautaire à TCHAMONGA CENTRE,,TCHAMONGA CENTRE,Forage Photovoltaïque (Centre communautaire),Construction,20000000.0,100.0,709.0,0.56,Modere
859,Installation d'un forage photovoltaïque pour le maraichage,,KARKOU,Forages photovoltaïques pour les activités maraîchères,Construction,20000000.0,100.0,709.0,0.56,Modere
860,Installation d'un forage photovoltaïque pour le maraichage,,TODJAKOU,Forages photovoltaïques pour les activités maraîchères,Construction,20000000.0,100.0,709.0,0.56,Modere
895,Contruction de Batiment scolaire de 3 classes équipées+ bureau+mangasin +forage à EPP Magna,,MAGNA,Forages photovoltaïques dans les établissements scolaires,Construction,20000000.0,0.0,711.0,0.558,Modere
878,Appui à la réalisation d'un forage photovoltaïque équipé d'un système de pompage pour maraîchage et l'abreuvement des animaux,,NALONGUE 1,Forages photovoltaïques pour les activités maraîchères,Construction,20000000.0,0.0,711.0,0.558,Modere
897,Contruction de Batiment scolaire de 3 classes équipées+ bureau+mangasin +forage à EPP Fomboro,,FOMBORO,Forages photovoltaïques dans les établissements scolaires,Construction,20000000.0,0.0,711.0,0.558,Modere
874,Construction d'un centre communautaire à Babona,,TAMPIALIME CENTRE 2,Forage Photovoltaïque (Centre communautaire),Construction,20000000.0,0.0,711.0,0.558,Modere
903,Contruction de Batiment scolaire de 3 classes équipées+ bureau+mangasin +forage à EPP Bendenou,,DJABOU,Forages photovoltaïques dans les établissements scolaires,Construction,20000000.0,0.0,711.0,0.558,Modere
945,Réalisation du forage photovoltaique pour le maraichage,,GNOLI,Forages photovoltaïques pour les activités maraîchères,Construction,20000000.0,0.0,712.0,0.556,Modere
870,"construction et équipement d'un batiment scolaire de 4 classes avec bureau, latrines et forage au CEG Kpinkparbagou",,KPINKPARBAGOU 1,Forages photovoltaïques dans les établissements scolaires,Construction,20000000.0,0.0,714.0,0.554,Modere
866,1-Construction d'un bâtiment scolaire de 3 classes avec bureau et latrines  à l'EPP Nakpabak B (lieu-dit Sibiogue): sous projet porté par le CVD DE Sibiogue et soutenu par le CVD de Pokenyète,,SIBIOGUE,Forages photovoltaïques dans les établissements scolaires,Construction,20000000.0,0.0,714.0,0.554,Modere
861,Installation d'un forage photovoltaïque pour le maraichage,,IBASSANDJA,Forages photovoltaïques pour les activités maraîchères,Construction,20000000.0,100.0,715.0,0.552,Modere
876,Appui à la réalisation d'un forage photovoltaïque pour maraîchage,,KPINKPARBAGOU 2,Forages photovoltaïques pour les activités maraîchères,Construction,20000000.0,0.0,720.0,0.546,Modere
935,Réalisation d'un forage photovoltaique pour le maraichage,,SAMOMONI,Forages photovoltaïques pour les activités maraîchères,Construction,20000000.0,0.0,720.0,0.546,Modere
933,Réalisation d'un forage photovoltaique pour le maraichage,,KALAO,Forages photovoltaïques pour les activités maraîchères,Construction,20000000.0,100.0,721.0,0.544,Modere
942,Construction d'un batiment scolaire de 3 classes avec forage à l'EPP,,N'KPE 2,Forages photovoltaïques dans les établissements scolaires,Construction,20000000.0,0.0,723.0,0.542,Modere
949,Réalisation du forage photovoltaique pour le maraichage,,LENIDO,Forages photovoltaïques pour les activités maraîchères,Construction,20000000.0,0.0,724.0,0.54,Modere
948,Réalisation du forage photovoltaique pour le maraichage,,SAPOLI,Forages photovoltaïques pour les activités maraîchères,Construction,20000000.0,0.0,724.0,0.54,Modere
915,Construction d'un batiment scolaire de 3 salles de classe+ bureau+Forage+Bloc sanitaire à l'EPP Gnabadjoani 2,,GNABADJOUANI 2,Forages photovoltaïques dans les établissements scolaires,Construction,20000000.0,0.0,725.0,0.539,Modere
877,Appui à la réalisation d'un forage photovoltaïque pour maraîchage,,PIABRIBAGOU,Forages photovoltaïques pour les activités maraîchères,Construction,20000000.0,0.0,725.0,0.539,Modere
875,Construction d'une forage photovoltaïque pour le marâichage et équipements maraîchers,,KOULMATIK-MIRE,Forages photovoltaïques pour les activités maraîchères,Construction,20000000.0,0.0,725.0,0.539,Modere
909,Construction de salle de réunion,,GNANGBANDI (MANGO),Forage Photovoltaïque (Salle de réunion),Construction,20000000.0,0.0,728.0,0.535,Modere
884,ConstruCtion et équipement d'un jardin d'enfants à l'EPP TADERI ,,TADERI,Forages photovoltaïques dans les établissements scolaires,Réhabilitation,20000000.0,0.0,740.0,0.519,Modere
615,Construction d’un centre communautaire+ forage+équipement+2 chambres à KAGNISSI,,KAGNISSI,Forage Photovoltaïque (Centre communautaire),Construction,20000000.0,100.0,813.0,0.422,Modere
792,Construction et équipement d’un Centre Communautaire à Pogno-centre + forage photovoltaïque,,POGNO CENTRE,Forage Photovoltaïque (Centre communautaire),Construction,20000000.0,100.0,825.0,0.406,Modere
673,Construction deux blocs de latrines communautaires + forage photovoltaïque,,SIAMBIN,Forages photovoltaïques dans les communautés pour eau de boisson,Construction,20000000.0,100.0,838.0,0.389,Modere
770,Construction d’un centre communautaire à Mandouri Centre + forage photovoltaïque,,MANDOURI CENTRE,Forage Photovoltaïque (Centre communautaire),Construction,20000000.0,0.0,843.0,0.383,Modere
722,Réalisation d'un forage photovoltaïque pour maraîchage,,WAMBAGOU,Forages photovoltaïques pour les activités maraîchères,Construction,20000000.0,100.0,847.0,0.378,Modere
717,Construction d'un bâtiment scolaire de trois classes avec bureau et magasin et deux blocs de latrines à l’EPP + forage photovoltaïque,,NAMOUDJOATE 2,Forages photovoltaïques dans les établissements scolaires,Construction,20000000.0,0.0,848.0,0.377,Modere
783,Construction et équipement d’un Centre Communautaire à Papri centre + forage photovoltaïque,,PAPRI-CENTRE,Forage Photovoltaïque (Centre communautaire),Construction,20000000.0,100.0,848.0,0.377,Modere
720,Construction d'un centre communautaire avec charpente métallique + forage photovoltaïque à PIZOSKO,,PIZOSKO,Forage Photovoltaïque (Centre communautaire),Construction,20000000.0,100.0,850.0,0.374,Modere
595,"Construction d'un bâtiment scolaire de trois (03) classes, bureau, magasin + forage + blocs de latrines à l'EPP Dogodè + équipements ",,DOGODE,Forages photovoltaïques dans les établissements scolaires,Construction,20000000.0,100.0,862.0,0.359,Modere
584,Construction d'un centre communautaire à Alégba  + forage photovoltaïque à ALEGBA,,ALEGBA,Forage Photovoltaïque (Centre communautaire),Construction,20000000.0,100.0,862.0,0.359,Modere
625,Construction d’un bâtiment scolaire de 4 classes +bureau – magasin +forage +mobilier+ 1 bloc administratif au CEG,,WAZE,Forages photovoltaïques dans les établissements scolaires,Construction,20000000.0,100.0,874.0,0.344,Modere
636,Réalisation d’un forage photovoltaïque pour eau de boisson dans le quartier Peuhl,,TERODA,Forages photovoltaïques dans les communautés pour eau de boisson,Construction,22500000.0,100.0,1033.0,0.271,Faible
598,Réalisation d'un forage photovoltaïque pour eau de boisson ,,KALA 2,Forages photovoltaïques dans les communautés pour eau de boisson,Construction,20000000.0,100.0,1013.0,0.199,Faible
607,Construction d'un centre communautaire + forage photovoltaïque,,SOLIMBIA,Forage Photovoltaïque (Centre communautaire),Construction,20000000.0,100.0,1013.0,0.199,Faible
587,Réalisation d'un forage photovoltaïque pour eau de boisson ,,BELAGNI,Forages photovoltaïques dans les communautés pour eau de boisson,Construction,20000000.0,100.0,1013.0,0.199,Faible
593,"Construction d'un bâtiment scolaire de trois (03) classes, bureau, magasin + forage à l'EPP Boléa + équipements",,BOLEA,Forages photovoltaïques dans les établissements scolaires,Construction,20000000.0,100.0,1013.0,0.199,Faible
585,Réalisation d'un forage photovoltaïque pour eau de boisson ,,ATONTOMI,Forages photovoltaïques dans les communautés pour eau de boisson,Construction,20000000.0,100.0,1013.0,0.199,Faible
590,"Construction d'un bâtiment scolaire de 4 classes, bureau, magasin + forage au CEG Agbansikiti + équipements",,AGBANSIKITI,Forages photovoltaïques dans les établissements scolaires,Construction,20000000.0,100.0,1013.0,0.199,Faible
605,"Construction d'un bâtiment scolaire de trois (03) classes, bureau, magasin + forage + blocs de latrines à l'EPP Samaï + équipements ",,SAMAI,Forages photovoltaïques dans les établissements scolaires,Construction,20000000.0,12.0,1013.0,0.199,Faible
602,"Construction d'un bâtiment scolaire de trois (03) classes, bureau, magasin + forage + blocs de latrines à l'EPP Lakaba + équipements ",,LAKABA,Forages photovoltaïques dans les établissements scolaires,Construction,20000000.0,100.0,1014.0,0.198,Faible
591,Réalisation d'un forage photovoltaïque pour eau de boisson ,,ATAFA 2,Forages photovoltaïques dans les communautés pour eau de boisson,Construction,20000000.0,100.0,1014.0,0.198,Faible
611,Construction d’un bâtiment scolaire de 4 classes +bureau – magasin +forage +mobilier+ 2 blocs latrines au CEG,,ASSERE,Forages photovoltaïques dans les établissements scolaires,Construction,20000000.0,100.0,1015.0,0.198,Faible
603,Réalisation d'un forage photovoltaïque pour eau de boisson ,,ODORIN,Forages photovoltaïques dans les communautés pour eau de boisson,Construction,20000000.0,100.0,1014.0,0.198,Faible
622,Construction d’un bâtiment scolaire de 2 classes (au JEP) +bureau-magasin+forage+2 blocs latrines +mobilier,,SOMSIA,Forages photovoltaïques dans les établissements scolaires,Construction,20000000.0,100.0,1016.0,0.197,Faible
631,Réalisation d’un forage photovoltaïque pour eau de boisson dans le quartier Peuhl,,KADJANGA,Forages photovoltaïques dans les communautés pour eau de boisson,Construction,20250000.0,100.0,1033.0,0.19,Faible
627,Réalisation d’un forage photovoltaïque pour eau de boisson dans le quartier Peuhl,,ASSIMA,Forages photovoltaïques dans les communautés pour eau de boisson,Construction,20000000.0,100.0,1028.0,0.187,Faible
617,Construction d’un bâtiment scolaire de 3 classes+bureau-magasin+forage+2 blocs latrines+ mobilier à l’EPP,,KAWA,Forages photovoltaïques dans les établissements scolaires,Construction,20000000.0,100.0,1031.0,0.184,Faible
619,Construction d’un bâtiment scolaire de 2 classes (au JEP) +bureau-magasin+forage+2 blocs latrines+ mobilier,,KPANAHORE,Forages photovoltaïques dans les établissements scolaires,Construction,20000000.0,100.0,1031.0,0.184,Faible
628,Réalisation d’un forage photovoltaïque pour eau de boisson et réparation de 2 forages existant,,BOMWAÏ,Forages photovoltaïques dans les communautés pour eau de boisson,Construction,20000000.0,100.0,1031.0,0.184,Faible
635,Construction d’un centre communautaire+ forage+équipement+2 chambres à TERODA,,TERODA,Forage Photovoltaïque (Centre communautaire),Construction,20000000.0,100.0,1031.0,0.184,Faible
703,Réalisation d'un forage photovoltaïque  pour maraicher,,FONWORGOU,Forages photovoltaïques pour les activités maraîchères,Construction,20000000.0,60.0,1046.0,0.173,Faible
747,Réalisation d'un forage photovoltaïque pour eau de boisson,,TCHIMBIANGBONGUE,Forages photovoltaïques dans les communautés pour eau de boisson,Construction,20000000.0,100.0,1053.0,0.167,Faible
712,Construction d'un bâtiment scolaire de trois classes avec bureau et magasin à l'EPP Timangue,,TIMANGUE (NADJOUNDI),Forages photovoltaïques dans les établissements scolaires,Construction,20000000.0,100.0,1054.0,0.166,Faible
706,Construction d'un centre communautaire avec charpente métallique + dallot ,,NADJOUNDI CENTRE,Forage Photovoltaïque (Centre communautaire),Construction,20000000.0,100.0,1054.0,0.166,Faible
656,Réalisation d'un forage photovoltaïque,,GOYAMBA 1,Forages photovoltaïques dans les communautés pour eau de boisson,Construction,20000000.0,100.0,1080.0,0.148,Faible
743,Réalisation d'un forage photovoltaïque ,,SOUKOUDOUME FOFANA,Forages photovoltaïques dans les communautés pour eau de boisson,Construction,20000000.0,100.0,1135.0,0.114,Faible
699,Réalisation d'un forage photovoltaïque ,,ZOUBEKO,Forages photovoltaïques dans les communautés pour eau de boisson,Construction,20000000.0,100.0,1136.0,0.114,Faible
697,Réalisation d'un forage photovoltaïque ,,SINOGO,Forages photovoltaïques dans les communautés pour eau de boisson,Construction,20000000.0,100.0,1136.0,0.114,Faible
639,Construction d'un centre communautaire avec charpente métallique + forage photovoltaïque à BOADE CENTRE,,BOADE CENTRE,Forage Photovoltaïque (Centre communautaire),Construction,20000000.0,100.0,1136.0,0.114,Faible
671,Réalisation d'un forage photovoltaïque,,POGOYOGO 2,Forages photovoltaïques dans les communautés pour eau de boisson,Construction,20000000.0,100.0,1136.0,0.114,Faible
641,Réalisation d'un forage photovoltaïque ,,GANGA 2,Forages photovoltaïques dans les communautés pour eau de boisson,Construction,20000000.0,100.0,1138.0,0.113,Faible
640,Réalisation d'un forage photovoltaïque ,,GANGA 1,Forages photovoltaïques dans les communautés pour eau de boisson,Construction,20000000.0,100.0,1138.0,0.113,Faible
730,"Construction et équipement d'un Bâtiment scolaire de 4 classes avec bureau et magasin, charpente métallique + 2 Blocs de latrines et Forage photovoltaïque  au CEG",,KPALMATONGUE CENTRE,Forages photovoltaïques dans les établissements scolaires,Construction,20000000.0,100.0,1138.0,0.113,Faible
657,Réalisation d'un forage photovoltaïque ,,GOYAMBA 2,Forages photovoltaïques dans les communautés pour eau de boisson,Construction,20000000.0,100.0,1142.0,0.111,Faible
651,Réalisation d'un forage photovoltaïque ,,ZINTANGO,Forages photovoltaïques dans les communautés pour eau de boisson,Construction,20000000.0,100.0,1142.0,0.111,Faible
664,Réalisation d'un forage photovoltaïque ,,KPALBIAGA 2,Forages photovoltaïques dans les communautés pour eau de boisson,Construction,20000000.0,100.0,1142.0,0.111,Faible
750,Réalisation d'un forage photovoltaïque ,,YOABOUANI,Forages photovoltaïques dans les communautés pour eau de boisson,Construction,20000000.0,100.0,1142.0,0.111,Faible
649,Réalisation d'un forage photovoltaïque ,,WOURI-WOURI,Forages photovoltaïques dans les communautés pour eau de boisson,Construction,20000000.0,100.0,1148.0,0.108,Faible
643,Réalisation d'un forage photovoltaïque ,,KASSOU 2,Forages photovoltaïques dans les communautés pour eau de boisson,Construction,20000000.0,100.0,1150.0,0.107,Faible
647,Réalisation d'un forage photovoltaïque ,,NAPOGO,Forages photovoltaïques dans les communautés pour eau de boisson,Construction,20000000.0,100.0,1150.0,0.107,Faible
653,Réalisation d'un forage photovoltaïque,,BOUSSANGA 1,Forages photovoltaïques dans les communautés pour eau de boisson,Construction,20000000.0,100.0,1150.0,0.107,Faible
646,Réalisation d'un forage photovoltaïque ,,KORENZOAGA 2,Forages photovoltaïques dans les communautés pour eau de boisson,Construction,20000000.0,100.0,1150.0,0.107,Faible
648,Réalisation d'un forage photovoltaïque ,,SANDOGO,Forages photovoltaïques dans les communautés pour eau de boisson,Construction,20000000.0,100.0,1150.0,0.107,Faible
650,Réalisation d'un forage photovoltaïque ,,ZAMISSI,Forages photovoltaïques dans les communautés pour eau de boisson,Construction,20000000.0,100.0,1150.0,0.107,Faible
698,Réalisation d'un forage photovoltaïque ,,TENNOGO,Forages photovoltaïques dans les communautés pour eau de boisson,Construction,20000000.0,100.0,1150.0,0.107,Faible
695,Construction d'un centre communautaire avec charpente métallique + forage photovoltaïque à KOULTAMSÉ,,KOULTAMSÉ,Forage Photovoltaïque (Centre communautaire),Construction,20000000.0,100.0,1150.0,0.107,Faible
737,Réalisation d'un forage photovoltaïque ,,NASSABLE 1,Forages photovoltaïques dans les communautés pour eau de boisson,Construction,20000000.0,100.0,1150.0,0.107,Faible
738,Réalisation d'un forage photovoltaïque ,,PIZOSKE,Forages photovoltaïques dans les communautés pour eau de boisson,Construction,20000000.0,100.0,1150.0,0.107,Faible
735,Réalisation d'un forage photovoltaïque ,,NAMBUITITE TIMBOU,Forages photovoltaïques dans les communautés pour eau de boisson,Construction,20000000.0,100.0,1150.0,0.107,Faible
685,Construction d'un centre communautaire avec charpente métallique + forage photovoltaïque à GNOAGA CENTRE,,GNOAGA CENTRE,Forage Photovoltaïque (Centre communautaire),Construction,20000000.0,100.0,1150.0,0.107,Faible
679,Réalisation d'un forage photovoltaïque,,WOMNOGO,Forages photovoltaïques dans les communautés pour eau de boisson,Construction,20000000.0,100.0,1150.0,0.107,Faible
680,Réalisation d'un forage photovoltaïque,,YIEGOU (CINKASSE),Forages photovoltaïques dans les communautés pour eau de boisson,Construction,20000000.0,100.0,1150.0,0.107,Faible
667,Réalisation d'un forage photovoltaïque,,NONLEDE,Forages photovoltaïques dans les communautés pour eau de boisson,Construction,20000000.0,100.0,1150.0,0.107,Faible
677,Réalisation d'un forage photovoltaïque,,TIMANGA (CINKASSE),Forages photovoltaïques dans les communautés pour eau de boisson,Construction,20000000.0,100.0,1150.0,0.107,Faible
668,Réalisation d'un forage photovoltaïque ,,PIZOSGO 1,Forages photovoltaïques dans les communautés pour eau de boisson,Construction,20000000.0,100.0,1150.0,0.107,Faible
676,Réalisation d'un forage photovoltaïque,,SAYODE,Forages photovoltaïques dans les communautés pour eau de boisson,Construction,20000000.0,100.0,1150.0,0.107,Faible
652,Réalisation d'un forage photovoltaïque ,,BARGOUNDE,Forages photovoltaïques dans les communautés pour eau de boisson,Construction,20000000.0,100.0,1150.0,0.107,Faible
659,Réalisation d'un forage photovoltaïque,,KODAGO,Forages photovoltaïques dans les communautés pour eau de boisson,Construction,20000000.0,100.0,1150.0,0.107,Faible
662,Réalisation d'un forage photovoltaïque,,KOWONGO,Forages photovoltaïques dans les communautés pour eau de boisson,Construction,20000000.0,100.0,1150.0,0.107,Faible
693,Réalisation d'un forage photovoltaïque ,,KODINZOAGA,Forages photovoltaïques dans les communautés pour eau de boisson,Construction,20000000.0,100.0,1150.0,0.107,Faible
727,Réalisation d'un forage photovoltaïque pour eau de boisson,,KALAGOU (TIMBOU),Forages photovoltaïques dans les communautés pour eau de boisson,Construction,20000000.0,100.0,1150.0,0.107,Faible
728,Réalisation d'un forage photovoltaïque ,,KALKANTINDE,Forages photovoltaïques dans les communautés pour eau de boisson,Construction,20000000.0,100.0,1150.0,0.107,Faible
746,Réalisation d'un forage photovoltaïque,,TAMONDJOARE 1 (TIMBOU),Forages photovoltaïques dans les communautés pour eau de boisson,Construction,20000000.0,100.0,1150.0,0.107,Faible
739,Construction d'un Bâtiment scolaire de 3 classes avec bureau et magasin + 2 Blocs de Latrines +forage à l'EPP,,SAFOBE 1,Forages photovoltaïques dans les établissements scolaires,Construction,20000000.0,100.0,1150.0,0.107,Faible
734,Réalisation d'un forage photovoltaïque,,NANLONGUE 1,Forages photovoltaïques dans les communautés pour eau de boisson,Construction,20000000.0,100.0,1150.0,0.107,Faible
658,Réalisation d'un forage photovoltaïque,,KALYADA,Forages photovoltaïques dans les communautés pour eau de boisson,Construction,20000000.0,100.0,1152.0,0.106,Faible
682,Réalisation d'un forage photovoltaïque maraicher,,BINGOULA,Forages photovoltaïques pour les activités maraîchères,Construction,20000000.0,100.0,1156.0,0.103,Faible
663,Réalisation d'un forage photovoltaïque,,KPALBIAGA 1,Forages photovoltaïques dans les communautés pour eau de boisson,Construction,20000000.0,100.0,1156.0,0.103,Faible
748,Réalisation d'un forage photovoltaïque,,TIMBOU CENTRE,Forages photovoltaïques dans les communautés pour eau de boisson,Construction,20000000.0,100.0,1156.0,0.103,Faible
749,Réalisation d'un forage photovoltaïque,,YIEGOU (TIMBOU),Forages photovoltaïques dans les communautés pour eau de boisson,Construction,20000000.0,100.0,1156.0,0.103,Faible
723,Réalisation d'un forage photovoltaïque ,,DATOULONTE (TIMBOU),Forages photovoltaïques dans les communautés pour eau de boisson,Construction,20000000.0,100.0,1162.0,0.101,Faible
688,Réalisation d'un forage photovoltaïque maraicher,,YOUMAKOU,Forages photovoltaïques pour les activités maraîchères,Construction,20000000.0,100.0,1201.0,0.083,Faible
691,Réalisation d'un forage photovoltaïque,,KOKNOGO,Forages photovoltaïques dans les communautés pour eau de boisson,Construction,20000000.0,100.0,1201.0,0.083,Faible
696,Réalisation d'un forage photovoltaïque,,LANGANDE,Forages photovoltaïques dans les communautés pour eau de boisson,Construction,20000000.0,100.0,1201.0,0.083,Faible
1145,Réalisation d’un forage photovoltaïque pour eau de boisson et réparation de 2 forages existant,,BOMWAÏ,Forages photovoltaïques dans les communautés pour eau de boisson,Réhabilitation,5000000.0,100.0,823.0,0.032,Faible
1146,Réalisation d’un forage photovoltaïque pour eau de boisson et réparation de 2 forages existant,,BOMWAÏ,Forages photovoltaïques dans les communautés pour eau de boisson,Réhabilitation,5000000.0,100.0,823.0,0.032,Faible
