lon,lat,region,prefecture,commune,canton,forage_chateau_nom,organisme,type_ouvrage,FRI_canton,expose_risque_eleve
1.2007916666666671,6.206308333333332,Maritime,Agoè-Nyivé,Agoè-Nyivé 1,Agoè-Nyivé,Forage,TDE,Forage,0.4930971372315273,True
1.2015066666666663,6.2082500000000005,Maritime,Agoè-Nyivé,Agoè-Nyivé 1,Agoè-Nyivé,Forage,TDE,Forage,0.4930971372315273,True
1.2024299999999999,6.208016666666667,Maritime,Agoè-Nyivé,Agoè-Nyivé 1,Agoè-Nyivé,Forage,TDE,Forage,0.4930971372315273,True
1.20366648982033,6.207501047411497,Maritime,Agoè-Nyivé,Agoè-Nyivé 1,Agoè-Nyivé,Forage,TDE,Forage,0.4930971372315273,True
1.2014266666666673,6.208295000000001,Maritime,Agoè-Nyivé,Agoè-Nyivé 1,Agoè-Nyivé,Forage,TDE,Forage,0.4930971372315273,True
1.2054033333333332,6.207739999999999,Maritime,Agoè-Nyivé,Agoè-Nyivé 1,Agoè-Nyivé,Forage,TDE,Forage,0.4930971372315273,True
1.2016449999999994,6.2070033333333345,Maritime,Agoè-Nyivé,Agoè-Nyivé 1,Agoè-Nyivé,Forage,TDE,Forage,0.4930971372315273,True
1.2020400000000009,6.207326666666667,Maritime,Agoè-Nyivé,Agoè-Nyivé 1,Agoè-Nyivé,Forage,TDE,Forage,0.4930971372315273,True
1.2012250000000002,6.206719999999999,Maritime,Agoè-Nyivé,Agoè-Nyivé 1,Agoè-Nyivé,Forage,TDE,Forage,0.4930971372315273,True
1.1842100000000002,6.216210000000002,Maritime,Agoè-Nyivé,Agoè-Nyivé 1,Agoè-Nyivé,Forage,TDE,Forage,0.4930971372315273,True
1.1897866666666668,6.210908333333333,Maritime,Agoè-Nyivé,Agoè-Nyivé 1,Agoè-Nyivé,Forage,TDE,Forage,0.4930971372315273,True
1.2186116666666666,6.240578333333334,Maritime,Agoè-Nyivé,Agoè-Nyivé 1,Agoè-Nyivé,Forage,TDE,Forage,0.4930971372315273,True
1.182713333333333,6.21202,Maritime,Agoè-Nyivé,Agoè-Nyivé 1,Agoè-Nyivé,Forage,TDE,Forage,0.4930971372315273,True
1.1826800000000004,6.211938333333333,Maritime,Agoè-Nyivé,Agoè-Nyivé 1,Agoè-Nyivé,Forage,TDE,Forage,0.4930971372315273,True
1.1765300000000003,6.221500000000001,Maritime,Agoè-Nyivé,Agoè-Nyivé 1,Agoè-Nyivé,Forage,TDE,Forage,0.4930971372315273,True
1.2103000000000004,6.2430049999999975,Maritime,Agoè-Nyivé,Agoè-Nyivé 1,Agoè-Nyivé,Forage,TDE,Forage,0.4930971372315273,True
1.2231116666666664,6.228179999999999,Maritime,Agoè-Nyivé,Agoè-Nyivé 1,Agoè-Nyivé,Forage,TDE,Forage,0.4930971372315273,True
1.2004650000000003,6.206983333333333,Maritime,Agoè-Nyivé,Agoè-Nyivé 1,Agoè-Nyivé,Forage,TDE,Forage,0.4930971372315273,True
1.200398333333334,6.207581666666664,Maritime,Agoè-Nyivé,Agoè-Nyivé 1,Agoè-Nyivé,Forage,TDE,Forage,0.4930971372315273,True
1.1561183333333338,6.2730999999999995,Maritime,Agoè-Nyivé,Agoè-Nyivé 2,Légbassito,Forage,TDE,Forage,0.34328626002598667,True
1.1620783333333329,6.298450000000001,Maritime,Agoè-Nyivé,Agoè-Nyivé 2,Légbassito,Forage,TDE,Forage,0.34328626002598667,True
1.1648316666666674,6.302976666666666,Maritime,Agoè-Nyivé,Agoè-Nyivé 2,Légbassito,Forage,TDE,Forage,0.34328626002598667,True
1.1770266666666669,6.213389999999999,Maritime,Agoè-Nyivé,Agoè-Nyivé 3,Vakpossito,Forage,TDE,Forage,0.24856343264341363,True
1.1736916666666666,6.218505,Maritime,Agoè-Nyivé,Agoè-Nyivé 3,Vakpossito,Forage,TDE,Forage,0.24856343264341363,True
1.1736850000000008,6.218591666666667,Maritime,Agoè-Nyivé,Agoè-Nyivé 3,Vakpossito,Forage,TDE,Forage,0.24856343264341363,True
1.1789949999999998,6.217398333333332,Maritime,Agoè-Nyivé,Agoè-Nyivé 3,Vakpossito,Forage,TDE,Forage,0.24856343264341363,True
1.1608283333333342,6.218258333333333,Maritime,Agoè-Nyivé,Agoè-Nyivé 3,Vakpossito,Nsp,TDE,Indetermine,0.24856343264341363,True
1.2093516666666666,6.262661666666665,Maritime,Agoè-Nyivé,Agoè-Nyivé 4,Togblekope,Forage,TDE,Forage,0.41444260352557744,True
1.2202866666666665,6.263633333333332,Maritime,Agoè-Nyivé,Agoè-Nyivé 4,Togblekope,Forage,TDE,Forage,0.41444260352557744,True
1.2327200000000003,6.244791666666666,Maritime,Agoè-Nyivé,Agoè-Nyivé 4,Togblekope,Château de Dikame,TDE,Chateau d'eau,0.41444260352557744,True
1.2118116666666667,6.27798,Maritime,Agoè-Nyivé,Agoè-Nyivé 4,Togblekope,Forage,TDE,Forage,0.41444260352557744,True
1.2236500000000001,6.261855000000001,Maritime,Agoè-Nyivé,Agoè-Nyivé 4,Togblekope,Château de Fidokpui,TDE,Chateau d'eau,0.41444260352557744,True
1.1820249999999999,6.292586666666667,Maritime,Agoè-Nyivé,Agoè-Nyivé 4,Togblekope,Forage,TDE,Forage,0.41444260352557744,True
1.2071983333333343,6.314719999999999,Maritime,Agoè-Nyivé,Agoè-Nyivé 6,Adétikopé,Forage B'16Bis,TDE,Forage,0.22269216254564025,True
1.2135000000000002,6.344771666666666,Maritime,Agoè-Nyivé,Agoè-Nyivé 6,Adétikopé,Forage,TDE,Forage,0.22269216254564025,True
1.2109200000000004,6.323951666666668,Maritime,Agoè-Nyivé,Agoè-Nyivé 6,Adétikopé,Forage,TDE,Forage,0.22269216254564025,True
1.2193083333333334,6.322853333333334,Maritime,Agoè-Nyivé,Agoè-Nyivé 6,Adétikopé,Forage C'10,TDE,Forage,0.22269216254564025,True
1.1973500000000004,6.316366666666667,Maritime,Agoè-Nyivé,Agoè-Nyivé 6,Adétikopé,Forage,TDE,Forage,0.22269216254564025,True
1.5386000000000004,6.366030000000001,Maritime,Vo,Vo 1,Vogan,Forage Massekope,TDE,Forage,0.24144304608030634,True
1.5105283333333333,6.285457635839358,Maritime,Vo,Vo 1,Vogan,Forage,TDE,Forage,0.24144304608030634,True
1.456863333333333,6.333263333333334,Maritime,Vo,Vo 1,Vogan,Forage,TDE,Forage,0.24144304608030634,True
1.5838533333333336,6.5238033333333325,Maritime,Bas-Mono,Bas-Mono 1,Kpétsou,Forage de Kpessou,TDE,Forage,0.08726239604091546,False
1.5855866666666671,6.334843333333333,Maritime,Vo,Vo 1,Vo-Koutimé,Nsp,TDE,Indetermine,0.07552516583013105,False
1.6058566666666672,6.378925,Maritime,Vo,Vo 1,Vo-Koutimé,Nsp,TDE,Indetermine,0.07552516583013105,False
1.55241,6.3525599999999995,Maritime,Vo,Vo 1,Vo-Koutimé,Nsp,TDE,Indetermine,0.07552516583013105,False
1.518326933154162,6.240244005855418,Maritime,Vo,Vo 2,Togoville,Forage,TDE,Forage,0.12052462137294964,True
1.475731666666667,6.240231666666666,Maritime,Vo,Vo 2,Togoville,Nsp,TDE,Indetermine,0.12052462137294964,True
1.630853333333333,6.494910000000001,Maritime,Bas-Mono,Bas-Mono 1,Afagnangan,Forage de Saint Jean de Dieu,TDE,Forage,0.2814943944922352,True
1.6879866666666674,6.496021666666666,Maritime,Bas-Mono,Bas-Mono 2,Agome-Glozou,Forage du Château de Agbetiko,TDE,Chateau d'eau,0.09777326439782358,False
1.492178333333333,6.429775000000002,Maritime,Vo,Vo 3,Dagbati,Nsp,TDE,Indetermine,0.08746017833982817,False
1.5667666666666662,6.454429275512832,Maritime,Vo,Vo 3,Dzrékpo,Nsp,TDE,Indetermine,0.09080952168892195,False
1.1262916666666665,6.178793333333334,Maritime,Golfe,Golfe 7,Aflao-Sagbado,Forage de Lankouvi,TDE,Forage,0.5363070271574523,True
1.111234999999999,6.2121233333333326,Maritime,Golfe,Golfe 7,Aflao-Sagbado,Forage de Kleme,TDE,Forage,0.5363070271574523,True
1.7065183333333338,6.331805,Maritime,Lacs,Lacs 2,Aklakou,Forage de Aklakou,TDE,Forage,0.12809816331714366,True
1.6634083333333334,6.301434999999999,Maritime,Lacs,Lacs 4,Fiata,Forage de Attoeta,TDE,Forage,0.08385405217716504,False
1.6342433333333328,6.327195000000001,Maritime,Lacs,Lacs 4,Ganavé,Forage de Fiata,TDE,Forage,0.07883543587835735,False
1.2386200000000005,6.3641766666666655,Maritime,Zio,Zio 1,Dalavé,Forage,TDE,Forage,0.21194754158122667,True
1.259591666666667,6.378316666666665,Maritime,Zio,Zio 1,Dalavé,Forage,TDE,Forage,0.21194754158122667,True
1.306855,6.406038333333333,Maritime,Zio,Zio 1,Gbatopé,Forage,TDE,Forage,0.09163910686267604,False
1.3104883333333333,6.4241416666666655,Maritime,Zio,Zio 1,Gbatopé,Forage,TDE,Forage,0.09163910686267604,False
1.3023050000000003,6.41805,Maritime,Zio,Zio 1,Gbatopé,Forage,TDE,Forage,0.09163910686267604,False
1.3106049999999998,6.42417,Maritime,Zio,Zio 1,Gbatopé,Forage,TDE,Forage,0.09163910686267604,False
1.310506666666667,6.424131666666667,Maritime,Zio,Zio 1,Gbatopé,Forage,TDE,Forage,0.09163910686267604,False
1.2934033333333341,6.403549999999999,Maritime,Zio,Zio 1,Gbatopé,Forage,TDE,Forage,0.09163910686267604,False
1.4109416666666668,9.033538333333333,Centrale,Tchamba,Tchamba 1,Tchamba,Larini,TDE,Forage,0.2408882202204571,True
1.5137799999999995,6.223778333333332,Maritime,Lacs,Lacs 3,Agbodrafo,Forage de Kpeme,TDE,Forage,0.49207349082298196,True
1.165571666666667,7.178566666666669,Plateaux,Haho,Haho 4,Wahala,Forage de Château d'Eau,TDE,Chateau d'eau,0.16539548574364726,True
